CREATE TABLE IF NOT EXISTS "auth_group" ("id" integer NOT NULL PRIMARY KEY AUTOINCREMENT, "name" varchar(150) NOT NULL UNIQUE);
CREATE INDEX IF NOT EXISTS "django_admin_log_content_type_id_c4bce8eb" ON "django_admin_log" ("content_type_id");
CREATE INDEX IF NOT EXISTS "django_admin_log_user_id_c564eba6" ON "django_admin_log" ("user_id");
CREATE UNIQUE INDEX "django_content_type_app_label_model_76bd3d3b_uniq" ON "django_content_type" ("app_label", "model");
CREATE UNIQUE INDEX "auth_group_permissions_group_id_permission_id_0cd325b0_uniq" ON "auth_group_permissions" ("group_id", "permission_id");
CREATE INDEX IF NOT EXISTS "auth_group_permissions_group_id_b120cbf9" ON "auth_group_permissions" ("group_id");
CREATE INDEX IF NOT EXISTS "auth_group_permissions_permission_id_84c5c92e" ON "auth_group_permissions" ("permission_id");
CREATE UNIQUE INDEX "auth_permission_content_type_id_codename_01ab375a_uniq" ON "auth_permission" ("content_type_id", "codename");
CREATE INDEX IF NOT EXISTS "auth_permission_content_type_id_2f476e4b" ON "auth_permission" ("content_type_id");
CREATE INDEX IF NOT EXISTS "menus_category_uri_name_7a6ba75c" ON "menus_category" ("uri_name");
CREATE UNIQUE INDEX "menus_menuitem_restruant_menuitem_id_restaurants_id_fbf0fb0b_uniq" ON "menus_menuitem_restruant" ("menuitem_id", "restaurants_id");
CREATE INDEX IF NOT EXISTS "menus_menuitem_restruant_menuitem_id_38452ccb" ON "menus_menuitem_restruant" ("menuitem_id");
CREATE INDEX IF NOT EXISTS "menus_menuitem_restruant_restaurants_id_99c27744" ON "menus_menuitem_restruant" ("restaurants_id");
CREATE INDEX IF NOT EXISTS "menus_ingredients_item_id_9d9186d9" ON "menus_ingredients" ("item_id");
CREATE INDEX IF NOT EXISTS "django_session_expire_date_a5c62663" ON "django_session" ("expire_date");
CREATE UNIQUE INDEX "orders_status_order_status_id_placedorder_id_d9107fbc_uniq" ON "orders_status_order" ("status_id", "placedorder_id");
CREATE INDEX IF NOT EXISTS "orders_status_order_status_id_4cd1b32b" ON "orders_status_order" ("status_id");
CREATE INDEX IF NOT EXISTS "orders_status_order_placedorder_id_95ab72d7" ON "orders_status_order" ("placedorder_id");
CREATE INDEX IF NOT EXISTS "customers_customers_city_id_34000c30" ON "customers_customers" ("city_id");
CREATE INDEX IF NOT EXISTS "restaurants_restaurants_city_id_36e11db0" ON "restaurants_restaurants" ("city_id");
CREATE INDEX IF NOT EXISTS "orders_comment_customer_id_4309df1c" ON "orders_comment" ("customer_id");
CREATE INDEX IF NOT EXISTS "orders_comment_order_id_6f03ba56" ON "orders_comment" ("order_id");
CREATE INDEX IF NOT EXISTS "menus_menuitem_category_id_6afa88ab" ON "menus_menuitem" ("category_id");
CREATE UNIQUE INDEX "menus_menuitem_offer_menuitem_id_offer_id_0f6e179d_uniq" ON "menus_menuitem_offer" ("menuitem_id", "offer_id");
CREATE INDEX IF NOT EXISTS "menus_menuitem_offer_menuitem_id_a4616030" ON "menus_menuitem_offer" ("menuitem_id");
CREATE INDEX IF NOT EXISTS "menus_menuitem_offer_offer_id_c2e00be8" ON "menus_menuitem_offer" ("offer_id");
CREATE INDEX IF NOT EXISTS "orders_cart_user_id_121a069e" ON "orders_cart" ("user_id");
CREATE INDEX IF NOT EXISTS "orders_cartitem_cart_id_529df5fa" ON "orders_cartitem" ("cart_id");
CREATE INDEX IF NOT EXISTS "orders_cartitem_menu_item_id_8bb3e579" ON "orders_cartitem" ("menu_item_id");
CREATE INDEX IF NOT EXISTS "orders_ordereditems_ordereditem_id_7379a9fa" ON "orders_ordereditems" ("ordereditem_id");
CREATE INDEX IF NOT EXISTS "orders_ordereditems_item_id_a3a120df" ON "orders_ordereditems" ("item_id");
CREATE INDEX IF NOT EXISTS "orders_placedorder_restraunt_id_a4baf536" ON "orders_placedorder" ("restraunt_id");
CREATE INDEX IF NOT EXISTS "orders_placedorder_customer_id_5088a8d0" ON "orders_placedorder" ("customer_id");
CREATE TABLE IF NOT EXISTS "auth_group_permissions" ("id" integer NOT NULL PRIMARY KEY AUTOINCREMENT, "group_id" integer NOT NULL REFERENCES "auth_group" ("id") DEFERRABLE INITIALLY DEFERRED, "permission_id" integer NOT NULL REFERENCES "auth_permission" ("id") DEFERRABLE INITIALLY DEFERRED);
CREATE INDEX IF NOT EXISTS "django_admin_log_content_type_id_c4bce8eb" ON "django_admin_log" ("content_type_id");
CREATE INDEX IF NOT EXISTS "django_admin_log_user_id_c564eba6" ON "django_admin_log" ("user_id");
CREATE UNIQUE INDEX "django_content_type_app_label_model_76bd3d3b_uniq" ON "django_content_type" ("app_label", "model");
CREATE UNIQUE INDEX "auth_group_permissions_group_id_permission_id_0cd325b0_uniq" ON "auth_group_permissions" ("group_id", "permission_id");
CREATE INDEX IF NOT EXISTS "auth_group_permissions_group_id_b120cbf9" ON "auth_group_permissions" ("group_id");
CREATE INDEX IF NOT EXISTS "auth_group_permissions_permission_id_84c5c92e" ON "auth_group_permissions" ("permission_id");
CREATE UNIQUE INDEX "auth_permission_content_type_id_codename_01ab375a_uniq" ON "auth_permission" ("content_type_id", "codename");
CREATE INDEX IF NOT EXISTS "auth_permission_content_type_id_2f476e4b" ON "auth_permission" ("content_type_id");
CREATE INDEX IF NOT EXISTS "menus_category_uri_name_7a6ba75c" ON "menus_category" ("uri_name");
CREATE UNIQUE INDEX "menus_menuitem_restruant_menuitem_id_restaurants_id_fbf0fb0b_uniq" ON "menus_menuitem_restruant" ("menuitem_id", "restaurants_id");
CREATE INDEX IF NOT EXISTS "menus_menuitem_restruant_menuitem_id_38452ccb" ON "menus_menuitem_restruant" ("menuitem_id");
CREATE INDEX IF NOT EXISTS "menus_menuitem_restruant_restaurants_id_99c27744" ON "menus_menuitem_restruant" ("restaurants_id");
CREATE INDEX IF NOT EXISTS "menus_ingredients_item_id_9d9186d9" ON "menus_ingredients" ("item_id");
CREATE INDEX IF NOT EXISTS "django_session_expire_date_a5c62663" ON "django_session" ("expire_date");
CREATE UNIQUE INDEX "orders_status_order_status_id_placedorder_id_d9107fbc_uniq" ON "orders_status_order" ("status_id", "placedorder_id");
CREATE INDEX IF NOT EXISTS "orders_status_order_status_id_4cd1b32b" ON "orders_status_order" ("status_id");
CREATE INDEX IF NOT EXISTS "orders_status_order_placedorder_id_95ab72d7" ON "orders_status_order" ("placedorder_id");
CREATE INDEX IF NOT EXISTS "customers_customers_city_id_34000c30" ON "customers_customers" ("city_id");
CREATE INDEX IF NOT EXISTS "restaurants_restaurants_city_id_36e11db0" ON "restaurants_restaurants" ("city_id");
CREATE INDEX IF NOT EXISTS "orders_comment_customer_id_4309df1c" ON "orders_comment" ("customer_id");
CREATE INDEX IF NOT EXISTS "orders_comment_order_id_6f03ba56" ON "orders_comment" ("order_id");
CREATE INDEX IF NOT EXISTS "menus_menuitem_category_id_6afa88ab" ON "menus_menuitem" ("category_id");
CREATE UNIQUE INDEX "menus_menuitem_offer_menuitem_id_offer_id_0f6e179d_uniq" ON "menus_menuitem_offer" ("menuitem_id", "offer_id");
CREATE INDEX IF NOT EXISTS "menus_menuitem_offer_menuitem_id_a4616030" ON "menus_menuitem_offer" ("menuitem_id");
CREATE INDEX IF NOT EXISTS "menus_menuitem_offer_offer_id_c2e00be8" ON "menus_menuitem_offer" ("offer_id");
CREATE INDEX IF NOT EXISTS "orders_cart_user_id_121a069e" ON "orders_cart" ("user_id");
CREATE INDEX IF NOT EXISTS "orders_cartitem_cart_id_529df5fa" ON "orders_cartitem" ("cart_id");
CREATE INDEX IF NOT EXISTS "orders_cartitem_menu_item_id_8bb3e579" ON "orders_cartitem" ("menu_item_id");
CREATE INDEX IF NOT EXISTS "orders_ordereditems_ordereditem_id_7379a9fa" ON "orders_ordereditems" ("ordereditem_id");
CREATE INDEX IF NOT EXISTS "orders_ordereditems_item_id_a3a120df" ON "orders_ordereditems" ("item_id");
CREATE INDEX IF NOT EXISTS "orders_placedorder_restraunt_id_a4baf536" ON "orders_placedorder" ("restraunt_id");
CREATE INDEX IF NOT EXISTS "orders_placedorder_customer_id_5088a8d0" ON "orders_placedorder" ("customer_id");
CREATE TABLE IF NOT EXISTS "auth_permission" ("id" integer NOT NULL PRIMARY KEY AUTOINCREMENT, "content_type_id" integer NOT NULL REFERENCES "django_content_type" ("id") DEFERRABLE INITIALLY DEFERRED, "codename" varchar(100) NOT NULL, "name" varchar(255) NOT NULL);
INSERT INTO "auth_permission" VALUES(1,1,'add_category','Can add category');
INSERT INTO "auth_permission" VALUES(2,1,'change_category','Can change category');
INSERT INTO "auth_permission" VALUES(3,1,'delete_category','Can delete category');
INSERT INTO "auth_permission" VALUES(4,1,'view_category','Can view category');
INSERT INTO "auth_permission" VALUES(5,2,'add_menuitem','Can add menu item');
INSERT INTO "auth_permission" VALUES(6,2,'change_menuitem','Can change menu item');
INSERT INTO "auth_permission" VALUES(7,2,'delete_menuitem','Can delete menu item');
INSERT INTO "auth_permission" VALUES(8,2,'view_menuitem','Can view menu item');
INSERT INTO "auth_permission" VALUES(9,3,'add_ingredients','Can add ingredients');
INSERT INTO "auth_permission" VALUES(10,3,'change_ingredients','Can change ingredients');
INSERT INTO "auth_permission" VALUES(11,3,'delete_ingredients','Can delete ingredients');
INSERT INTO "auth_permission" VALUES(12,3,'view_ingredients','Can view ingredients');
INSERT INTO "auth_permission" VALUES(13,4,'add_placedorder','Can add placed order');
INSERT INTO "auth_permission" VALUES(14,4,'change_placedorder','Can change placed order');
INSERT INTO "auth_permission" VALUES(15,4,'delete_placedorder','Can delete placed order');
INSERT INTO "auth_permission" VALUES(16,4,'view_placedorder','Can view placed order');
INSERT INTO "auth_permission" VALUES(17,5,'add_comment','Can add comment');
INSERT INTO "auth_permission" VALUES(18,5,'change_comment','Can change comment');
INSERT INTO "auth_permission" VALUES(19,5,'delete_comment','Can delete comment');
INSERT INTO "auth_permission" VALUES(20,5,'view_comment','Can view comment');
INSERT INTO "auth_permission" VALUES(21,6,'add_status','Can add status');
INSERT INTO "auth_permission" VALUES(22,6,'change_status','Can change status');
INSERT INTO "auth_permission" VALUES(23,6,'delete_status','Can delete status');
INSERT INTO "auth_permission" VALUES(24,6,'view_status','Can view status');
INSERT INTO "auth_permission" VALUES(25,7,'add_inorder','Can add in order');
INSERT INTO "auth_permission" VALUES(26,7,'change_inorder','Can change in order');
INSERT INTO "auth_permission" VALUES(27,7,'delete_inorder','Can delete in order');
INSERT INTO "auth_permission" VALUES(28,7,'view_inorder','Can view in order');
INSERT INTO "auth_permission" VALUES(29,8,'add_cart','Can add cart');
INSERT INTO "auth_permission" VALUES(30,8,'change_cart','Can change cart');
INSERT INTO "auth_permission" VALUES(31,8,'delete_cart','Can delete cart');
INSERT INTO "auth_permission" VALUES(32,8,'view_cart','Can view cart');
INSERT INTO "auth_permission" VALUES(33,9,'add_cartitem','Can add cart item');
INSERT INTO "auth_permission" VALUES(34,9,'change_cartitem','Can change cart item');
INSERT INTO "auth_permission" VALUES(35,9,'delete_cartitem','Can delete cart item');
INSERT INTO "auth_permission" VALUES(36,9,'view_cartitem','Can view cart item');
INSERT INTO "auth_permission" VALUES(37,10,'add_user','Can add user');
INSERT INTO "auth_permission" VALUES(38,10,'change_user','Can change user');
INSERT INTO "auth_permission" VALUES(39,10,'delete_user','Can delete user');
INSERT INTO "auth_permission" VALUES(40,10,'view_user','Can view user');
INSERT INTO "auth_permission" VALUES(41,11,'add_customers','Can add customers');
INSERT INTO "auth_permission" VALUES(42,11,'change_customers','Can change customers');
INSERT INTO "auth_permission" VALUES(43,11,'delete_customers','Can delete customers');
INSERT INTO "auth_permission" VALUES(44,11,'view_customers','Can view customers');
INSERT INTO "auth_permission" VALUES(45,12,'add_city','Can add city');
INSERT INTO "auth_permission" VALUES(46,12,'change_city','Can change city');
INSERT INTO "auth_permission" VALUES(47,12,'delete_city','Can delete city');
INSERT INTO "auth_permission" VALUES(48,12,'view_city','Can view city');
INSERT INTO "auth_permission" VALUES(49,13,'add_restaurants','Can add restaurants');
INSERT INTO "auth_permission" VALUES(50,13,'change_restaurants','Can change restaurants');
INSERT INTO "auth_permission" VALUES(51,13,'delete_restaurants','Can delete restaurants');
INSERT INTO "auth_permission" VALUES(52,13,'view_restaurants','Can view restaurants');
INSERT INTO "auth_permission" VALUES(53,14,'add_logentry','Can add log entry');
INSERT INTO "auth_permission" VALUES(54,14,'change_logentry','Can change log entry');
INSERT INTO "auth_permission" VALUES(55,14,'delete_logentry','Can delete log entry');
INSERT INTO "auth_permission" VALUES(56,14,'view_logentry','Can view log entry');
INSERT INTO "auth_permission" VALUES(57,15,'add_permission','Can add permission');
INSERT INTO "auth_permission" VALUES(58,15,'change_permission','Can change permission');
INSERT INTO "auth_permission" VALUES(59,15,'delete_permission','Can delete permission');
INSERT INTO "auth_permission" VALUES(60,15,'view_permission','Can view permission');
INSERT INTO "auth_permission" VALUES(61,16,'add_group','Can add group');
INSERT INTO "auth_permission" VALUES(62,16,'change_group','Can change group');
INSERT INTO "auth_permission" VALUES(63,16,'delete_group','Can delete group');
INSERT INTO "auth_permission" VALUES(64,16,'view_group','Can view group');
INSERT INTO "auth_permission" VALUES(65,17,'add_contenttype','Can add content type');
INSERT INTO "auth_permission" VALUES(66,17,'change_contenttype','Can change content type');
INSERT INTO "auth_permission" VALUES(67,17,'delete_contenttype','Can delete content type');
INSERT INTO "auth_permission" VALUES(68,17,'view_contenttype','Can view content type');
INSERT INTO "auth_permission" VALUES(69,18,'add_session','Can add session');
INSERT INTO "auth_permission" VALUES(70,18,'change_session','Can change session');
INSERT INTO "auth_permission" VALUES(71,18,'delete_session','Can delete session');
INSERT INTO "auth_permission" VALUES(72,18,'view_session','Can view session');
INSERT INTO "auth_permission" VALUES(73,19,'add_offer','Can add offer');
INSERT INTO "auth_permission" VALUES(74,19,'change_offer','Can change offer');
INSERT INTO "auth_permission" VALUES(75,19,'delete_offer','Can delete offer');
INSERT INTO "auth_permission" VALUES(76,19,'view_offer','Can view offer');
INSERT INTO "auth_permission" VALUES(77,20,'add_ordereditems','Can add ordered items');
INSERT INTO "auth_permission" VALUES(78,20,'change_ordereditems','Can change ordered items');
INSERT INTO "auth_permission" VALUES(79,20,'delete_ordereditems','Can delete ordered items');
INSERT INTO "auth_permission" VALUES(80,20,'view_ordereditems','Can view ordered items');
CREATE INDEX IF NOT EXISTS "django_admin_log_content_type_id_c4bce8eb" ON "django_admin_log" ("content_type_id");
CREATE INDEX IF NOT EXISTS "django_admin_log_user_id_c564eba6" ON "django_admin_log" ("user_id");
CREATE UNIQUE INDEX "django_content_type_app_label_model_76bd3d3b_uniq" ON "django_content_type" ("app_label", "model");
CREATE UNIQUE INDEX "auth_group_permissions_group_id_permission_id_0cd325b0_uniq" ON "auth_group_permissions" ("group_id", "permission_id");
CREATE INDEX IF NOT EXISTS "auth_group_permissions_group_id_b120cbf9" ON "auth_group_permissions" ("group_id");
CREATE INDEX IF NOT EXISTS "auth_group_permissions_permission_id_84c5c92e" ON "auth_group_permissions" ("permission_id");
CREATE UNIQUE INDEX "auth_permission_content_type_id_codename_01ab375a_uniq" ON "auth_permission" ("content_type_id", "codename");
CREATE INDEX IF NOT EXISTS "auth_permission_content_type_id_2f476e4b" ON "auth_permission" ("content_type_id");
CREATE INDEX IF NOT EXISTS "menus_category_uri_name_7a6ba75c" ON "menus_category" ("uri_name");
CREATE UNIQUE INDEX "menus_menuitem_restruant_menuitem_id_restaurants_id_fbf0fb0b_uniq" ON "menus_menuitem_restruant" ("menuitem_id", "restaurants_id");
CREATE INDEX IF NOT EXISTS "menus_menuitem_restruant_menuitem_id_38452ccb" ON "menus_menuitem_restruant" ("menuitem_id");
CREATE INDEX IF NOT EXISTS "menus_menuitem_restruant_restaurants_id_99c27744" ON "menus_menuitem_restruant" ("restaurants_id");
CREATE INDEX IF NOT EXISTS "menus_ingredients_item_id_9d9186d9" ON "menus_ingredients" ("item_id");
CREATE INDEX IF NOT EXISTS "django_session_expire_date_a5c62663" ON "django_session" ("expire_date");
CREATE UNIQUE INDEX "orders_status_order_status_id_placedorder_id_d9107fbc_uniq" ON "orders_status_order" ("status_id", "placedorder_id");
CREATE INDEX IF NOT EXISTS "orders_status_order_status_id_4cd1b32b" ON "orders_status_order" ("status_id");
CREATE INDEX IF NOT EXISTS "orders_status_order_placedorder_id_95ab72d7" ON "orders_status_order" ("placedorder_id");
CREATE INDEX IF NOT EXISTS "customers_customers_city_id_34000c30" ON "customers_customers" ("city_id");
CREATE INDEX IF NOT EXISTS "restaurants_restaurants_city_id_36e11db0" ON "restaurants_restaurants" ("city_id");
CREATE INDEX IF NOT EXISTS "orders_comment_customer_id_4309df1c" ON "orders_comment" ("customer_id");
CREATE INDEX IF NOT EXISTS "orders_comment_order_id_6f03ba56" ON "orders_comment" ("order_id");
CREATE INDEX IF NOT EXISTS "menus_menuitem_category_id_6afa88ab" ON "menus_menuitem" ("category_id");
CREATE UNIQUE INDEX "menus_menuitem_offer_menuitem_id_offer_id_0f6e179d_uniq" ON "menus_menuitem_offer" ("menuitem_id", "offer_id");
CREATE INDEX IF NOT EXISTS "menus_menuitem_offer_menuitem_id_a4616030" ON "menus_menuitem_offer" ("menuitem_id");
CREATE INDEX IF NOT EXISTS "menus_menuitem_offer_offer_id_c2e00be8" ON "menus_menuitem_offer" ("offer_id");
CREATE INDEX IF NOT EXISTS "orders_cart_user_id_121a069e" ON "orders_cart" ("user_id");
CREATE INDEX IF NOT EXISTS "orders_cartitem_cart_id_529df5fa" ON "orders_cartitem" ("cart_id");
CREATE INDEX IF NOT EXISTS "orders_cartitem_menu_item_id_8bb3e579" ON "orders_cartitem" ("menu_item_id");
CREATE INDEX IF NOT EXISTS "orders_ordereditems_ordereditem_id_7379a9fa" ON "orders_ordereditems" ("ordereditem_id");
CREATE INDEX IF NOT EXISTS "orders_ordereditems_item_id_a3a120df" ON "orders_ordereditems" ("item_id");
CREATE INDEX IF NOT EXISTS "orders_placedorder_restraunt_id_a4baf536" ON "orders_placedorder" ("restraunt_id");
CREATE INDEX IF NOT EXISTS "orders_placedorder_customer_id_5088a8d0" ON "orders_placedorder" ("customer_id");
CREATE TABLE IF NOT EXISTS "customers_customers" ("id" integer NOT NULL PRIMARY KEY AUTOINCREMENT, "user_id" bigint NOT NULL UNIQUE REFERENCES "customers_user" ("id") DEFERRABLE INITIALLY DEFERRED, "contact_no" varchar(25) NOT NULL, "time_joined" datetime NOT NULL, "city_id" bigint NULL REFERENCES "restaurants_city" ("id") DEFERRABLE INITIALLY DEFERRED, "gender" varchar(10) NOT NULL);
INSERT INTO "customers_customers" VALUES(1,3,'atif','2021-08-01 12:28:57.584045',1,'option1');
INSERT INTO "customers_customers" VALUES(2,4,'8082816950','2021-08-01 13:30:11.782626',2,'Male');
CREATE INDEX IF NOT EXISTS "django_admin_log_content_type_id_c4bce8eb" ON "django_admin_log" ("content_type_id");
CREATE INDEX IF NOT EXISTS "django_admin_log_user_id_c564eba6" ON "django_admin_log" ("user_id");
CREATE UNIQUE INDEX "django_content_type_app_label_model_76bd3d3b_uniq" ON "django_content_type" ("app_label", "model");
CREATE UNIQUE INDEX "auth_group_permissions_group_id_permission_id_0cd325b0_uniq" ON "auth_group_permissions" ("group_id", "permission_id");
CREATE INDEX IF NOT EXISTS "auth_group_permissions_group_id_b120cbf9" ON "auth_group_permissions" ("group_id");
CREATE INDEX IF NOT EXISTS "auth_group_permissions_permission_id_84c5c92e" ON "auth_group_permissions" ("permission_id");
CREATE UNIQUE INDEX "auth_permission_content_type_id_codename_01ab375a_uniq" ON "auth_permission" ("content_type_id", "codename");
CREATE INDEX IF NOT EXISTS "auth_permission_content_type_id_2f476e4b" ON "auth_permission" ("content_type_id");
CREATE INDEX IF NOT EXISTS "menus_category_uri_name_7a6ba75c" ON "menus_category" ("uri_name");
CREATE UNIQUE INDEX "menus_menuitem_restruant_menuitem_id_restaurants_id_fbf0fb0b_uniq" ON "menus_menuitem_restruant" ("menuitem_id", "restaurants_id");
CREATE INDEX IF NOT EXISTS "menus_menuitem_restruant_menuitem_id_38452ccb" ON "menus_menuitem_restruant" ("menuitem_id");
CREATE INDEX IF NOT EXISTS "menus_menuitem_restruant_restaurants_id_99c27744" ON "menus_menuitem_restruant" ("restaurants_id");
CREATE INDEX IF NOT EXISTS "menus_ingredients_item_id_9d9186d9" ON "menus_ingredients" ("item_id");
CREATE INDEX IF NOT EXISTS "django_session_expire_date_a5c62663" ON "django_session" ("expire_date");
CREATE UNIQUE INDEX "orders_status_order_status_id_placedorder_id_d9107fbc_uniq" ON "orders_status_order" ("status_id", "placedorder_id");
CREATE INDEX IF NOT EXISTS "orders_status_order_status_id_4cd1b32b" ON "orders_status_order" ("status_id");
CREATE INDEX IF NOT EXISTS "orders_status_order_placedorder_id_95ab72d7" ON "orders_status_order" ("placedorder_id");
CREATE INDEX IF NOT EXISTS "customers_customers_city_id_34000c30" ON "customers_customers" ("city_id");
CREATE INDEX IF NOT EXISTS "restaurants_restaurants_city_id_36e11db0" ON "restaurants_restaurants" ("city_id");
CREATE INDEX IF NOT EXISTS "orders_comment_customer_id_4309df1c" ON "orders_comment" ("customer_id");
CREATE INDEX IF NOT EXISTS "orders_comment_order_id_6f03ba56" ON "orders_comment" ("order_id");
CREATE INDEX IF NOT EXISTS "menus_menuitem_category_id_6afa88ab" ON "menus_menuitem" ("category_id");
CREATE UNIQUE INDEX "menus_menuitem_offer_menuitem_id_offer_id_0f6e179d_uniq" ON "menus_menuitem_offer" ("menuitem_id", "offer_id");
CREATE INDEX IF NOT EXISTS "menus_menuitem_offer_menuitem_id_a4616030" ON "menus_menuitem_offer" ("menuitem_id");
CREATE INDEX IF NOT EXISTS "menus_menuitem_offer_offer_id_c2e00be8" ON "menus_menuitem_offer" ("offer_id");
CREATE INDEX IF NOT EXISTS "orders_cart_user_id_121a069e" ON "orders_cart" ("user_id");
CREATE INDEX IF NOT EXISTS "orders_cartitem_cart_id_529df5fa" ON "orders_cartitem" ("cart_id");
CREATE INDEX IF NOT EXISTS "orders_cartitem_menu_item_id_8bb3e579" ON "orders_cartitem" ("menu_item_id");
CREATE INDEX IF NOT EXISTS "orders_ordereditems_ordereditem_id_7379a9fa" ON "orders_ordereditems" ("ordereditem_id");
CREATE INDEX IF NOT EXISTS "orders_ordereditems_item_id_a3a120df" ON "orders_ordereditems" ("item_id");
CREATE INDEX IF NOT EXISTS "orders_placedorder_restraunt_id_a4baf536" ON "orders_placedorder" ("restraunt_id");
CREATE INDEX IF NOT EXISTS "orders_placedorder_customer_id_5088a8d0" ON "orders_placedorder" ("customer_id");
CREATE TABLE IF NOT EXISTS "customers_user" ("id" integer NOT NULL PRIMARY KEY AUTOINCREMENT, "password" varchar(128) NOT NULL, "last_login" datetime NULL, "email" varchar(255) NOT NULL, "username" varchar(25) NOT NULL UNIQUE, "first_name" varchar(25) NOT NULL, "last_name" varchar(25) NOT NULL, "date_of_birth" date NOT NULL, "is_active" bool NOT NULL, "is_admin" bool NOT NULL);
INSERT INTO "customers_user" VALUES(1,'pbkdf2_sha256$260000$zl2YLzA2LbHmua0WUc7ma4$AwyvY+pIW8GsoCq+67evJ6Vlm3TjPdEMC9K1f8V+52U=','2021-08-18 08:09:56.552635','','atif','','','1995-03-25',1,1);
INSERT INTO "customers_user" VALUES(3,'pbkdf2_sha256$260000$r59sn9ZJscwkor378FXTvu$gl1osrU4xHqunrK9mQeHZTuTy7etixD4qziY5FZ92zw=','2021-08-14 08:35:16.924085','atifshafi63@gmail.com','atifshafi63','Atif ','rather','1995-03-25',1,0);
INSERT INTO "customers_user" VALUES(4,'pbkdf2_sha256$260000$z5tas2WeHloyuzvBa6BtT0$mZjbkQ3e2vCo7IzbID/dkh0GLSHFTQWwJU4h/ulzstQ=','2021-08-11 10:16:26.975065','Amir_sheikh@gmail.com','Amir_sheikh','Amir ','Sheikh','1995-03-25',1,0);
CREATE INDEX IF NOT EXISTS "django_admin_log_content_type_id_c4bce8eb" ON "django_admin_log" ("content_type_id");
CREATE INDEX IF NOT EXISTS "django_admin_log_user_id_c564eba6" ON "django_admin_log" ("user_id");
CREATE UNIQUE INDEX "django_content_type_app_label_model_76bd3d3b_uniq" ON "django_content_type" ("app_label", "model");
CREATE UNIQUE INDEX "auth_group_permissions_group_id_permission_id_0cd325b0_uniq" ON "auth_group_permissions" ("group_id", "permission_id");
CREATE INDEX IF NOT EXISTS "auth_group_permissions_group_id_b120cbf9" ON "auth_group_permissions" ("group_id");
CREATE INDEX IF NOT EXISTS "auth_group_permissions_permission_id_84c5c92e" ON "auth_group_permissions" ("permission_id");
CREATE UNIQUE INDEX "auth_permission_content_type_id_codename_01ab375a_uniq" ON "auth_permission" ("content_type_id", "codename");
CREATE INDEX IF NOT EXISTS "auth_permission_content_type_id_2f476e4b" ON "auth_permission" ("content_type_id");
CREATE INDEX IF NOT EXISTS "menus_category_uri_name_7a6ba75c" ON "menus_category" ("uri_name");
CREATE UNIQUE INDEX "menus_menuitem_restruant_menuitem_id_restaurants_id_fbf0fb0b_uniq" ON "menus_menuitem_restruant" ("menuitem_id", "restaurants_id");
CREATE INDEX IF NOT EXISTS "menus_menuitem_restruant_menuitem_id_38452ccb" ON "menus_menuitem_restruant" ("menuitem_id");
CREATE INDEX IF NOT EXISTS "menus_menuitem_restruant_restaurants_id_99c27744" ON "menus_menuitem_restruant" ("restaurants_id");
CREATE INDEX IF NOT EXISTS "menus_ingredients_item_id_9d9186d9" ON "menus_ingredients" ("item_id");
CREATE INDEX IF NOT EXISTS "django_session_expire_date_a5c62663" ON "django_session" ("expire_date");
CREATE UNIQUE INDEX "orders_status_order_status_id_placedorder_id_d9107fbc_uniq" ON "orders_status_order" ("status_id", "placedorder_id");
CREATE INDEX IF NOT EXISTS "orders_status_order_status_id_4cd1b32b" ON "orders_status_order" ("status_id");
CREATE INDEX IF NOT EXISTS "orders_status_order_placedorder_id_95ab72d7" ON "orders_status_order" ("placedorder_id");
CREATE INDEX IF NOT EXISTS "customers_customers_city_id_34000c30" ON "customers_customers" ("city_id");
CREATE INDEX IF NOT EXISTS "restaurants_restaurants_city_id_36e11db0" ON "restaurants_restaurants" ("city_id");
CREATE INDEX IF NOT EXISTS "orders_comment_customer_id_4309df1c" ON "orders_comment" ("customer_id");
CREATE INDEX IF NOT EXISTS "orders_comment_order_id_6f03ba56" ON "orders_comment" ("order_id");
CREATE INDEX IF NOT EXISTS "menus_menuitem_category_id_6afa88ab" ON "menus_menuitem" ("category_id");
CREATE UNIQUE INDEX "menus_menuitem_offer_menuitem_id_offer_id_0f6e179d_uniq" ON "menus_menuitem_offer" ("menuitem_id", "offer_id");
CREATE INDEX IF NOT EXISTS "menus_menuitem_offer_menuitem_id_a4616030" ON "menus_menuitem_offer" ("menuitem_id");
CREATE INDEX IF NOT EXISTS "menus_menuitem_offer_offer_id_c2e00be8" ON "menus_menuitem_offer" ("offer_id");
CREATE INDEX IF NOT EXISTS "orders_cart_user_id_121a069e" ON "orders_cart" ("user_id");
CREATE INDEX IF NOT EXISTS "orders_cartitem_cart_id_529df5fa" ON "orders_cartitem" ("cart_id");
CREATE INDEX IF NOT EXISTS "orders_cartitem_menu_item_id_8bb3e579" ON "orders_cartitem" ("menu_item_id");
CREATE INDEX IF NOT EXISTS "orders_ordereditems_ordereditem_id_7379a9fa" ON "orders_ordereditems" ("ordereditem_id");
CREATE INDEX IF NOT EXISTS "orders_ordereditems_item_id_a3a120df" ON "orders_ordereditems" ("item_id");
CREATE INDEX IF NOT EXISTS "orders_placedorder_restraunt_id_a4baf536" ON "orders_placedorder" ("restraunt_id");
CREATE INDEX IF NOT EXISTS "orders_placedorder_customer_id_5088a8d0" ON "orders_placedorder" ("customer_id");
CREATE TABLE IF NOT EXISTS "django_admin_log" ("id" integer NOT NULL PRIMARY KEY AUTOINCREMENT, "action_time" datetime NOT NULL, "object_id" text NULL, "object_repr" varchar(200) NOT NULL, "change_message" text NOT NULL, "content_type_id" integer NULL REFERENCES "django_content_type" ("id") DEFERRABLE INITIALLY DEFERRED, "user_id" bigint NOT NULL REFERENCES "customers_user" ("id") DEFERRABLE INITIALLY DEFERRED, "action_flag" smallint unsigned NOT NULL CHECK ("action_flag" >= 0));
INSERT INTO "django_admin_log" VALUES(1,'2021-08-01 08:22:04.552632','1','Best Bruschetta Ever','[{"added": {}}]',1,1,1);
INSERT INTO "django_admin_log" VALUES(2,'2021-08-01 08:22:34.339689','2','Dessert Recipes','[{"added": {}}]',1,1,1);
INSERT INTO "django_admin_log" VALUES(3,'2021-08-01 08:22:52.588974','3','Everyday Cooking','[{"added": {}}]',1,1,1);
INSERT INTO "django_admin_log" VALUES(4,'2021-08-01 08:23:13.469157','4','Holidays and Events Recip','[{"added": {}}]',1,1,1);
INSERT INTO "django_admin_log" VALUES(5,'2021-08-01 08:23:59.130754','1','Celebrate with top-rated holiday cookies, appetizers, and desserts. Find the right recipe for any holiday.','[{"added": {}}]',2,1,1);
INSERT INTO "django_admin_log" VALUES(6,'2021-08-01 08:24:30.759483','2','Pomegranate Chicken','[{"added": {}}]',2,1,1);
INSERT INTO "django_admin_log" VALUES(7,'2021-08-01 08:25:51.802344','3','Passover (Pesach) Brownies','[{"added": {}}]',2,1,1);
INSERT INTO "django_admin_log" VALUES(8,'2021-08-01 10:12:06.148448','3','User: None has 5 items in their cart. Their total is $5034.00','',8,1,3);
INSERT INTO "django_admin_log" VALUES(9,'2021-08-01 10:12:06.403496','2','User: None has 0 items in their cart. Their total is $0.00','',8,1,3);
INSERT INTO "django_admin_log" VALUES(10,'2021-08-01 10:12:06.542874','1','User: None has 0 items in their cart. Their total is $0.00','',8,1,3);
INSERT INTO "django_admin_log" VALUES(11,'2021-08-01 11:47:15.367829','1','City object (1)','[{"added": {}}]',12,1,1);
INSERT INTO "django_admin_log" VALUES(12,'2021-08-01 11:47:26.302880','2','City object (2)','[{"added": {}}]',12,1,1);
INSERT INTO "django_admin_log" VALUES(13,'2021-08-01 12:26:35.476488','2','atifshafi63','',10,1,3);
INSERT INTO "django_admin_log" VALUES(14,'2021-08-01 14:27:14.966803','4','User: None has 4 items in their cart. Their total is $1704.00','',8,1,3);
INSERT INTO "django_admin_log" VALUES(15,'2021-08-01 15:29:44.990286','5','User: None has 11 items in their cart. Their total is $6480.00','',8,1,3);
INSERT INTO "django_admin_log" VALUES(16,'2021-08-02 04:34:38.011402','10','User: None has 2 items in their cart. Their total is $300.00','',8,1,3);
INSERT INTO "django_admin_log" VALUES(17,'2021-08-02 04:34:38.150449','9','User: None has 0 items in their cart. Their total is $0.00','',8,1,3);
INSERT INTO "django_admin_log" VALUES(18,'2021-08-02 04:34:38.284183','8','User: None has 0 items in their cart. Their total is $0.00','',8,1,3);
INSERT INTO "django_admin_log" VALUES(19,'2021-08-02 04:34:38.395300','7','User: None has 0 items in their cart. Their total is $0.00','',8,1,3);
INSERT INTO "django_admin_log" VALUES(20,'2021-08-02 04:34:38.505826','6','User: Amir_sheikh has 2 items in their cart. Their total is $702.00','',8,1,3);
INSERT INTO "django_admin_log" VALUES(21,'2021-08-02 08:41:33.858588','15','User: None has 4 items in their cart. Their total is $2100.00','',8,1,3);
INSERT INTO "django_admin_log" VALUES(22,'2021-08-02 08:41:34.036758','14','User: None has 1 items in their cart. Their total is $300.00','',8,1,3);
INSERT INTO "django_admin_log" VALUES(23,'2021-08-02 08:41:34.169748','13','User: None has 1 items in their cart. Their total is $234.00','',8,1,3);
INSERT INTO "django_admin_log" VALUES(24,'2021-08-02 08:41:34.280919','12','User: None has 1 items in their cart. Their total is $300.00','',8,1,3);
INSERT INTO "django_admin_log" VALUES(25,'2021-08-02 08:41:34.469757','11','User: None has 3 items in their cart. Their total is $936.00','',8,1,3);
INSERT INTO "django_admin_log" VALUES(26,'2021-08-02 08:41:34.592046','16','User: atifshafi63 has 2 items in their cart. Their total is $600.00','',8,1,3);
INSERT INTO "django_admin_log" VALUES(27,'2021-08-02 10:58:27.898999','5','nutrition','[{"added": {}}]',1,1,1);
INSERT INTO "django_admin_log" VALUES(28,'2021-08-02 11:23:57.282367','1','Restaurants object (1)','[{"added": {}}]',13,1,1);
INSERT INTO "django_admin_log" VALUES(29,'2021-08-02 12:22:37.595848','2','Chai Break- Kankurgachi','[{"added": {}}]',13,1,1);
INSERT INTO "django_admin_log" VALUES(30,'2021-08-02 12:36:28.293750','19','User: Amir_sheikh has 9 items in their cart. Their total is $5568.00','',8,1,3);
INSERT INTO "django_admin_log" VALUES(31,'2021-08-02 13:09:43.976434','6','Lunch Recipes','[{"added": {}}]',1,1,1);
INSERT INTO "django_admin_log" VALUES(32,'2021-08-02 13:10:44.152388','4','Virgina''s Tuna Salad','[{"added": {}}]',2,1,1);
INSERT INTO "django_admin_log" VALUES(33,'2021-08-02 13:12:05.647405','5','Spicy Grilled Cheese Sandwich','[{"added": {}}]',2,1,1);
INSERT INTO "django_admin_log" VALUES(34,'2021-08-02 13:13:01.305743','6','Fresh Veggie Bagel Sandwic','[{"added": {}}]',2,1,1);
INSERT INTO "django_admin_log" VALUES(35,'2021-08-02 15:07:14.674117','7','Fresh Veggie Bagel Sandwich','[{"added": {}}]',2,1,1);
INSERT INTO "django_admin_log" VALUES(36,'2021-08-02 15:08:51.066989','20','User: Amir_sheikh has 4 items in their cart. Their total is $1800.00','[{"changed": {"fields": ["Count"]}}]',8,1,2);
INSERT INTO "django_admin_log" VALUES(37,'2021-08-07 06:38:58.006100','1','Offer object (1)','[{"added": {}}]',19,1,1);
INSERT INTO "django_admin_log" VALUES(38,'2021-08-07 06:40:51.057206','2','Big billion offer','[{"added": {}}]',19,1,1);
INSERT INTO "django_admin_log" VALUES(39,'2021-08-07 06:43:37.248487','5','Spicy Grilled Cheese Sandwich','[{"changed": {"fields": ["Offer"]}}]',2,1,2);
INSERT INTO "django_admin_log" VALUES(40,'2021-08-12 07:22:58.586539','22','User: None has 1 items in their cart. Their total is $62.00','',8,1,3);
INSERT INTO "django_admin_log" VALUES(41,'2021-08-12 07:22:58.708346','21','User: None has 2 items in their cart. Their total is $312.00','',8,1,3);
INSERT INTO "django_admin_log" VALUES(42,'2021-08-12 07:22:58.897641','18','User: None has 1 items in their cart. Their total is $300.00','',8,1,3);
INSERT INTO "django_admin_log" VALUES(43,'2021-08-12 07:22:59.052514','17','User: atifshafi63 has 19 items in their cart. Their total is $4440.00','',8,1,3);
INSERT INTO "django_admin_log" VALUES(44,'2021-08-14 10:11:36.114302','21','User: atifshafi63 has 11 items in their cart. Their total is $4034.00','',8,1,3);
INSERT INTO "django_admin_log" VALUES(45,'2021-08-14 10:19:53.598113','22','User: atifshafi63 has 4 items in their cart. Their total is $1062.00','',8,1,3);
INSERT INTO "django_admin_log" VALUES(46,'2021-08-18 08:10:44.434161','7','Fresh Veggie Bagel Sandwich','[{"changed": {"fields": ["Offer"]}}]',2,1,2);
CREATE INDEX IF NOT EXISTS "django_admin_log_content_type_id_c4bce8eb" ON "django_admin_log" ("content_type_id");
CREATE INDEX IF NOT EXISTS "django_admin_log_user_id_c564eba6" ON "django_admin_log" ("user_id");
CREATE UNIQUE INDEX "django_content_type_app_label_model_76bd3d3b_uniq" ON "django_content_type" ("app_label", "model");
CREATE UNIQUE INDEX "auth_group_permissions_group_id_permission_id_0cd325b0_uniq" ON "auth_group_permissions" ("group_id", "permission_id");
CREATE INDEX IF NOT EXISTS "auth_group_permissions_group_id_b120cbf9" ON "auth_group_permissions" ("group_id");
CREATE INDEX IF NOT EXISTS "auth_group_permissions_permission_id_84c5c92e" ON "auth_group_permissions" ("permission_id");
CREATE UNIQUE INDEX "auth_permission_content_type_id_codename_01ab375a_uniq" ON "auth_permission" ("content_type_id", "codename");
CREATE INDEX IF NOT EXISTS "auth_permission_content_type_id_2f476e4b" ON "auth_permission" ("content_type_id");
CREATE INDEX IF NOT EXISTS "menus_category_uri_name_7a6ba75c" ON "menus_category" ("uri_name");
CREATE UNIQUE INDEX "menus_menuitem_restruant_menuitem_id_restaurants_id_fbf0fb0b_uniq" ON "menus_menuitem_restruant" ("menuitem_id", "restaurants_id");
CREATE INDEX IF NOT EXISTS "menus_menuitem_restruant_menuitem_id_38452ccb" ON "menus_menuitem_restruant" ("menuitem_id");
CREATE INDEX IF NOT EXISTS "menus_menuitem_restruant_restaurants_id_99c27744" ON "menus_menuitem_restruant" ("restaurants_id");
CREATE INDEX IF NOT EXISTS "menus_ingredients_item_id_9d9186d9" ON "menus_ingredients" ("item_id");
CREATE INDEX IF NOT EXISTS "django_session_expire_date_a5c62663" ON "django_session" ("expire_date");
CREATE UNIQUE INDEX "orders_status_order_status_id_placedorder_id_d9107fbc_uniq" ON "orders_status_order" ("status_id", "placedorder_id");
CREATE INDEX IF NOT EXISTS "orders_status_order_status_id_4cd1b32b" ON "orders_status_order" ("status_id");
CREATE INDEX IF NOT EXISTS "orders_status_order_placedorder_id_95ab72d7" ON "orders_status_order" ("placedorder_id");
CREATE INDEX IF NOT EXISTS "customers_customers_city_id_34000c30" ON "customers_customers" ("city_id");
CREATE INDEX IF NOT EXISTS "restaurants_restaurants_city_id_36e11db0" ON "restaurants_restaurants" ("city_id");
CREATE INDEX IF NOT EXISTS "orders_comment_customer_id_4309df1c" ON "orders_comment" ("customer_id");
CREATE INDEX IF NOT EXISTS "orders_comment_order_id_6f03ba56" ON "orders_comment" ("order_id");
CREATE INDEX IF NOT EXISTS "menus_menuitem_category_id_6afa88ab" ON "menus_menuitem" ("category_id");
CREATE UNIQUE INDEX "menus_menuitem_offer_menuitem_id_offer_id_0f6e179d_uniq" ON "menus_menuitem_offer" ("menuitem_id", "offer_id");
CREATE INDEX IF NOT EXISTS "menus_menuitem_offer_menuitem_id_a4616030" ON "menus_menuitem_offer" ("menuitem_id");
CREATE INDEX IF NOT EXISTS "menus_menuitem_offer_offer_id_c2e00be8" ON "menus_menuitem_offer" ("offer_id");
CREATE INDEX IF NOT EXISTS "orders_cart_user_id_121a069e" ON "orders_cart" ("user_id");
CREATE INDEX IF NOT EXISTS "orders_cartitem_cart_id_529df5fa" ON "orders_cartitem" ("cart_id");
CREATE INDEX IF NOT EXISTS "orders_cartitem_menu_item_id_8bb3e579" ON "orders_cartitem" ("menu_item_id");
CREATE INDEX IF NOT EXISTS "orders_ordereditems_ordereditem_id_7379a9fa" ON "orders_ordereditems" ("ordereditem_id");
CREATE INDEX IF NOT EXISTS "orders_ordereditems_item_id_a3a120df" ON "orders_ordereditems" ("item_id");
CREATE INDEX IF NOT EXISTS "orders_placedorder_restraunt_id_a4baf536" ON "orders_placedorder" ("restraunt_id");
CREATE INDEX IF NOT EXISTS "orders_placedorder_customer_id_5088a8d0" ON "orders_placedorder" ("customer_id");
CREATE TABLE IF NOT EXISTS "django_content_type" ("id" integer NOT NULL PRIMARY KEY AUTOINCREMENT, "app_label" varchar(100) NOT NULL, "model" varchar(100) NOT NULL);
INSERT INTO "django_content_type" VALUES(1,'menus','category');
INSERT INTO "django_content_type" VALUES(2,'menus','menuitem');
INSERT INTO "django_content_type" VALUES(3,'menus','ingredients');
INSERT INTO "django_content_type" VALUES(4,'orders','placedorder');
INSERT INTO "django_content_type" VALUES(5,'orders','comment');
INSERT INTO "django_content_type" VALUES(6,'orders','status');
INSERT INTO "django_content_type" VALUES(7,'orders','inorder');
INSERT INTO "django_content_type" VALUES(8,'orders','cart');
INSERT INTO "django_content_type" VALUES(9,'orders','cartitem');
INSERT INTO "django_content_type" VALUES(10,'customers','user');
INSERT INTO "django_content_type" VALUES(11,'customers','customers');
INSERT INTO "django_content_type" VALUES(12,'restaurants','city');
INSERT INTO "django_content_type" VALUES(13,'restaurants','restaurants');
INSERT INTO "django_content_type" VALUES(14,'admin','logentry');
INSERT INTO "django_content_type" VALUES(15,'auth','permission');
INSERT INTO "django_content_type" VALUES(16,'auth','group');
INSERT INTO "django_content_type" VALUES(17,'contenttypes','contenttype');
INSERT INTO "django_content_type" VALUES(18,'sessions','session');
INSERT INTO "django_content_type" VALUES(19,'menus','offer');
INSERT INTO "django_content_type" VALUES(20,'orders','ordereditems');
CREATE INDEX IF NOT EXISTS "django_admin_log_content_type_id_c4bce8eb" ON "django_admin_log" ("content_type_id");
CREATE INDEX IF NOT EXISTS "django_admin_log_user_id_c564eba6" ON "django_admin_log" ("user_id");
CREATE UNIQUE INDEX "django_content_type_app_label_model_76bd3d3b_uniq" ON "django_content_type" ("app_label", "model");
CREATE UNIQUE INDEX "auth_group_permissions_group_id_permission_id_0cd325b0_uniq" ON "auth_group_permissions" ("group_id", "permission_id");
CREATE INDEX IF NOT EXISTS "auth_group_permissions_group_id_b120cbf9" ON "auth_group_permissions" ("group_id");
CREATE INDEX IF NOT EXISTS "auth_group_permissions_permission_id_84c5c92e" ON "auth_group_permissions" ("permission_id");
CREATE UNIQUE INDEX "auth_permission_content_type_id_codename_01ab375a_uniq" ON "auth_permission" ("content_type_id", "codename");
CREATE INDEX IF NOT EXISTS "auth_permission_content_type_id_2f476e4b" ON "auth_permission" ("content_type_id");
CREATE INDEX IF NOT EXISTS "menus_category_uri_name_7a6ba75c" ON "menus_category" ("uri_name");
CREATE UNIQUE INDEX "menus_menuitem_restruant_menuitem_id_restaurants_id_fbf0fb0b_uniq" ON "menus_menuitem_restruant" ("menuitem_id", "restaurants_id");
CREATE INDEX IF NOT EXISTS "menus_menuitem_restruant_menuitem_id_38452ccb" ON "menus_menuitem_restruant" ("menuitem_id");
CREATE INDEX IF NOT EXISTS "menus_menuitem_restruant_restaurants_id_99c27744" ON "menus_menuitem_restruant" ("restaurants_id");
CREATE INDEX IF NOT EXISTS "menus_ingredients_item_id_9d9186d9" ON "menus_ingredients" ("item_id");
CREATE INDEX IF NOT EXISTS "django_session_expire_date_a5c62663" ON "django_session" ("expire_date");
CREATE UNIQUE INDEX "orders_status_order_status_id_placedorder_id_d9107fbc_uniq" ON "orders_status_order" ("status_id", "placedorder_id");
CREATE INDEX IF NOT EXISTS "orders_status_order_status_id_4cd1b32b" ON "orders_status_order" ("status_id");
CREATE INDEX IF NOT EXISTS "orders_status_order_placedorder_id_95ab72d7" ON "orders_status_order" ("placedorder_id");
CREATE INDEX IF NOT EXISTS "customers_customers_city_id_34000c30" ON "customers_customers" ("city_id");
CREATE INDEX IF NOT EXISTS "restaurants_restaurants_city_id_36e11db0" ON "restaurants_restaurants" ("city_id");
CREATE INDEX IF NOT EXISTS "orders_comment_customer_id_4309df1c" ON "orders_comment" ("customer_id");
CREATE INDEX IF NOT EXISTS "orders_comment_order_id_6f03ba56" ON "orders_comment" ("order_id");
CREATE INDEX IF NOT EXISTS "menus_menuitem_category_id_6afa88ab" ON "menus_menuitem" ("category_id");
CREATE UNIQUE INDEX "menus_menuitem_offer_menuitem_id_offer_id_0f6e179d_uniq" ON "menus_menuitem_offer" ("menuitem_id", "offer_id");
CREATE INDEX IF NOT EXISTS "menus_menuitem_offer_menuitem_id_a4616030" ON "menus_menuitem_offer" ("menuitem_id");
CREATE INDEX IF NOT EXISTS "menus_menuitem_offer_offer_id_c2e00be8" ON "menus_menuitem_offer" ("offer_id");
CREATE INDEX IF NOT EXISTS "orders_cart_user_id_121a069e" ON "orders_cart" ("user_id");
CREATE INDEX IF NOT EXISTS "orders_cartitem_cart_id_529df5fa" ON "orders_cartitem" ("cart_id");
CREATE INDEX IF NOT EXISTS "orders_cartitem_menu_item_id_8bb3e579" ON "orders_cartitem" ("menu_item_id");
CREATE INDEX IF NOT EXISTS "orders_ordereditems_ordereditem_id_7379a9fa" ON "orders_ordereditems" ("ordereditem_id");
CREATE INDEX IF NOT EXISTS "orders_ordereditems_item_id_a3a120df" ON "orders_ordereditems" ("item_id");
CREATE INDEX IF NOT EXISTS "orders_placedorder_restraunt_id_a4baf536" ON "orders_placedorder" ("restraunt_id");
CREATE INDEX IF NOT EXISTS "orders_placedorder_customer_id_5088a8d0" ON "orders_placedorder" ("customer_id");
CREATE TABLE IF NOT EXISTS "django_migrations" ("id" integer NOT NULL PRIMARY KEY AUTOINCREMENT, "app" varchar(255) NOT NULL, "name" varchar(255) NOT NULL, "applied" datetime NOT NULL);
INSERT INTO "django_migrations" VALUES(1,'contenttypes','0001_initial','2021-08-01 08:18:05.838726');
INSERT INTO "django_migrations" VALUES(2,'admin','0001_initial','2021-08-01 08:18:06.107778');
INSERT INTO "django_migrations" VALUES(3,'admin','0002_logentry_remove_auto_add','2021-08-01 08:18:06.212774');
INSERT INTO "django_migrations" VALUES(4,'admin','0003_logentry_add_action_flag_choices','2021-08-01 08:18:06.368770');
INSERT INTO "django_migrations" VALUES(5,'contenttypes','0002_remove_content_type_name','2021-08-01 08:18:06.527020');
INSERT INTO "django_migrations" VALUES(6,'auth','0001_initial','2021-08-01 08:18:06.850904');
INSERT INTO "django_migrations" VALUES(7,'auth','0002_alter_permission_name_max_length','2021-08-01 08:18:06.970122');
INSERT INTO "django_migrations" VALUES(8,'auth','0003_alter_user_email_max_length','2021-08-01 08:18:07.074079');
INSERT INTO "django_migrations" VALUES(9,'auth','0004_alter_user_username_opts','2021-08-01 08:18:07.173556');
INSERT INTO "django_migrations" VALUES(10,'auth','0005_alter_user_last_login_null','2021-08-01 08:18:07.307199');
INSERT INTO "django_migrations" VALUES(11,'auth','0006_require_contenttypes_0002','2021-08-01 08:18:07.400144');
INSERT INTO "django_migrations" VALUES(12,'auth','0007_alter_validators_add_error_messages','2021-08-01 08:18:07.508586');
INSERT INTO "django_migrations" VALUES(13,'auth','0008_alter_user_username_max_length','2021-08-01 08:18:07.633609');
INSERT INTO "django_migrations" VALUES(14,'auth','0009_alter_user_last_name_max_length','2021-08-01 08:18:07.741900');
INSERT INTO "django_migrations" VALUES(15,'auth','0010_alter_group_name_max_length','2021-08-01 08:18:07.902786');
INSERT INTO "django_migrations" VALUES(16,'auth','0011_update_proxy_permissions','2021-08-01 08:18:08.018956');
INSERT INTO "django_migrations" VALUES(17,'auth','0012_alter_user_first_name_max_length','2021-08-01 08:18:08.129352');
INSERT INTO "django_migrations" VALUES(18,'menus','0001_initial','2021-08-01 08:18:08.429718');
INSERT INTO "django_migrations" VALUES(19,'sessions','0001_initial','2021-08-01 08:18:08.722447');
INSERT INTO "django_migrations" VALUES(20,'customers','0001_initial','2021-08-01 11:04:53.127181');
INSERT INTO "django_migrations" VALUES(21,'orders','0001_initial','2021-08-01 11:05:35.371806');
INSERT INTO "django_migrations" VALUES(22,'orders','0002_alter_comment_order','2021-08-01 12:45:59.488318');
INSERT INTO "django_migrations" VALUES(23,'orders','0003_alter_comment_order','2021-08-01 12:48:22.123615');
INSERT INTO "django_migrations" VALUES(24,'orders','0004_remove_cartitem_total_price','2021-08-01 14:22:12.554213');
INSERT INTO "django_migrations" VALUES(25,'orders','0005_cartitem_total_price','2021-08-01 14:24:26.493670');
INSERT INTO "django_migrations" VALUES(26,'orders','0006_placedorder_customer','2021-08-02 08:47:03.587745');
INSERT INTO "django_migrations" VALUES(27,'orders','0007_placedorder_is_delivered','2021-08-02 08:47:56.738802');
INSERT INTO "django_migrations" VALUES(28,'orders','0008_delete_inorder','2021-08-02 11:35:59.943580');
INSERT INTO "django_migrations" VALUES(29,'menus','0002_menuitem_is_veg','2021-08-02 12:02:30.122439');
INSERT INTO "django_migrations" VALUES(30,'orders','0009_cartitem_size','2021-08-02 15:12:27.224361');
INSERT INTO "django_migrations" VALUES(31,'menus','0003_menuitem_is_added','2021-08-03 15:29:56.315794');
INSERT INTO "django_migrations" VALUES(32,'menus','0004_remove_menuitem_is_added','2021-08-04 06:38:37.273898');
INSERT INTO "django_migrations" VALUES(33,'menus','0005_offer','2021-08-06 05:25:45.087845');
INSERT INTO "django_migrations" VALUES(34,'orders','0010_cartitem_offer','2021-08-06 05:26:50.206895');
INSERT INTO "django_migrations" VALUES(35,'menus','0006_menuitem_offer','2021-08-06 05:29:45.810281');
INSERT INTO "django_migrations" VALUES(36,'orders','0011_remove_cartitem_offer','2021-08-06 05:30:13.418262');
INSERT INTO "django_migrations" VALUES(37,'menus','0007_auto_20210807_1204','2021-08-07 06:35:05.943125');
INSERT INTO "django_migrations" VALUES(38,'menus','0008_auto_20210807_1206','2021-08-07 06:36:43.190103');
INSERT INTO "django_migrations" VALUES(39,'menus','0009_rename_price_offer_discount','2021-08-07 06:38:00.442020');
INSERT INTO "django_migrations" VALUES(40,'menus','0010_alter_offer_options','2021-08-12 07:30:33.395621');
INSERT INTO "django_migrations" VALUES(41,'orders','0012_auto_20210812_1300','2021-08-12 07:30:33.695962');
INSERT INTO "django_migrations" VALUES(42,'orders','0012_auto_20210812_1349','2021-08-12 08:19:43.859833');
INSERT INTO "django_migrations" VALUES(43,'orders','0013_auto_20210812_1458','2021-08-12 09:28:46.249727');
INSERT INTO "django_migrations" VALUES(44,'orders','0014_auto_20210812_1503','2021-08-12 09:33:10.959335');
INSERT INTO "django_migrations" VALUES(45,'orders','0015_auto_20210812_1505','2021-08-12 09:35:49.469453');
INSERT INTO "django_migrations" VALUES(46,'orders','0016_auto_20210817_1851','2021-08-17 13:21:54.601020');
INSERT INTO "django_migrations" VALUES(47,'orders','0017_alter_placedorder_order_time','2021-08-18 10:46:28.287704');
CREATE INDEX IF NOT EXISTS "django_admin_log_content_type_id_c4bce8eb" ON "django_admin_log" ("content_type_id");
CREATE INDEX IF NOT EXISTS "django_admin_log_user_id_c564eba6" ON "django_admin_log" ("user_id");
CREATE UNIQUE INDEX "django_content_type_app_label_model_76bd3d3b_uniq" ON "django_content_type" ("app_label", "model");
CREATE UNIQUE INDEX "auth_group_permissions_group_id_permission_id_0cd325b0_uniq" ON "auth_group_permissions" ("group_id", "permission_id");
CREATE INDEX IF NOT EXISTS "auth_group_permissions_group_id_b120cbf9" ON "auth_group_permissions" ("group_id");
CREATE INDEX IF NOT EXISTS "auth_group_permissions_permission_id_84c5c92e" ON "auth_group_permissions" ("permission_id");
CREATE UNIQUE INDEX "auth_permission_content_type_id_codename_01ab375a_uniq" ON "auth_permission" ("content_type_id", "codename");
CREATE INDEX IF NOT EXISTS "auth_permission_content_type_id_2f476e4b" ON "auth_permission" ("content_type_id");
CREATE INDEX IF NOT EXISTS "menus_category_uri_name_7a6ba75c" ON "menus_category" ("uri_name");
CREATE UNIQUE INDEX "menus_menuitem_restruant_menuitem_id_restaurants_id_fbf0fb0b_uniq" ON "menus_menuitem_restruant" ("menuitem_id", "restaurants_id");
CREATE INDEX IF NOT EXISTS "menus_menuitem_restruant_menuitem_id_38452ccb" ON "menus_menuitem_restruant" ("menuitem_id");
CREATE INDEX IF NOT EXISTS "menus_menuitem_restruant_restaurants_id_99c27744" ON "menus_menuitem_restruant" ("restaurants_id");
CREATE INDEX IF NOT EXISTS "menus_ingredients_item_id_9d9186d9" ON "menus_ingredients" ("item_id");
CREATE INDEX IF NOT EXISTS "django_session_expire_date_a5c62663" ON "django_session" ("expire_date");
CREATE UNIQUE INDEX "orders_status_order_status_id_placedorder_id_d9107fbc_uniq" ON "orders_status_order" ("status_id", "placedorder_id");
CREATE INDEX IF NOT EXISTS "orders_status_order_status_id_4cd1b32b" ON "orders_status_order" ("status_id");
CREATE INDEX IF NOT EXISTS "orders_status_order_placedorder_id_95ab72d7" ON "orders_status_order" ("placedorder_id");
CREATE INDEX IF NOT EXISTS "customers_customers_city_id_34000c30" ON "customers_customers" ("city_id");
CREATE INDEX IF NOT EXISTS "restaurants_restaurants_city_id_36e11db0" ON "restaurants_restaurants" ("city_id");
CREATE INDEX IF NOT EXISTS "orders_comment_customer_id_4309df1c" ON "orders_comment" ("customer_id");
CREATE INDEX IF NOT EXISTS "orders_comment_order_id_6f03ba56" ON "orders_comment" ("order_id");
CREATE INDEX IF NOT EXISTS "menus_menuitem_category_id_6afa88ab" ON "menus_menuitem" ("category_id");
CREATE UNIQUE INDEX "menus_menuitem_offer_menuitem_id_offer_id_0f6e179d_uniq" ON "menus_menuitem_offer" ("menuitem_id", "offer_id");
CREATE INDEX IF NOT EXISTS "menus_menuitem_offer_menuitem_id_a4616030" ON "menus_menuitem_offer" ("menuitem_id");
CREATE INDEX IF NOT EXISTS "menus_menuitem_offer_offer_id_c2e00be8" ON "menus_menuitem_offer" ("offer_id");
CREATE INDEX IF NOT EXISTS "orders_cart_user_id_121a069e" ON "orders_cart" ("user_id");
CREATE INDEX IF NOT EXISTS "orders_cartitem_cart_id_529df5fa" ON "orders_cartitem" ("cart_id");
CREATE INDEX IF NOT EXISTS "orders_cartitem_menu_item_id_8bb3e579" ON "orders_cartitem" ("menu_item_id");
CREATE INDEX IF NOT EXISTS "orders_ordereditems_ordereditem_id_7379a9fa" ON "orders_ordereditems" ("ordereditem_id");
CREATE INDEX IF NOT EXISTS "orders_ordereditems_item_id_a3a120df" ON "orders_ordereditems" ("item_id");
CREATE INDEX IF NOT EXISTS "orders_placedorder_restraunt_id_a4baf536" ON "orders_placedorder" ("restraunt_id");
CREATE INDEX IF NOT EXISTS "orders_placedorder_customer_id_5088a8d0" ON "orders_placedorder" ("customer_id");
CREATE TABLE IF NOT EXISTS "django_session" ("session_key" varchar(40) NOT NULL PRIMARY KEY, "session_data" text NOT NULL, "expire_date" datetime NOT NULL);
INSERT INTO "django_session" VALUES('rtpvmzn94gcwhemzq3mpuhegtj65x4rl','.eJxVjMsOgjAUBf-la9O05dJSl-75BnJfCmpKQmFl_HclYaHbMzPnZQbc1nHYqi7DJOZsvDn9boT80LIDuWO5zZbnsi4T2V2xB622n0Wfl8P9Oxixjt-aQm4acI4i55SYrwLq2o5EFJmhDUkCEQgqKIMHL9Jx7rIjyDG2wbw__B84YQ:1mA6j7:Qh-qv4VEGe_Z_J7j92wA8Pjhh3Epru_efGUByCdlTJg','2021-08-15 08:21:41.571860');
INSERT INTO "django_session" VALUES('xp88ycffu24pzgz2093hj22stvpgfzp0','e30:1mA6nM:iOgbZ98JfBGYYRVbR2cVV_bss2LkHCh1dGdxopS_UGI','2021-08-15 08:26:04.672339');
INSERT INTO "django_session" VALUES('kad3l5fnu3pyd1wkewbl06vkb56fgtxp','e30:1mA6tM:yBVi9Gc6ugwVr1JZWfK_1UecHWYrPoCp-IXvHf3oINA','2021-08-15 08:32:16.605108');
INSERT INTO "django_session" VALUES('sjet5o8dw384wlxaq4muksuci0r03z48','.eJxVjMsOgjAUBf-la9O05dJSl-75BnJfCmpKQmFl_HclYaHbMzPnZQbc1nHYqi7DJOZsvDn9boT80LIDuWO5zZbnsi4T2V2xB622n0Wfl8P9Oxixjt-aQm4acI4i55SYrwLq2o5EFJmhDUkCEQgqKIMHL9Jx7rIjyDG2wbw__B84YQ:1mAA78:G38EtcyqpHhnbTKANGESuXES92hR0_dohvNKlj9wNe8','2021-08-15 11:58:42.389564');
INSERT INTO "django_session" VALUES('q5t3lalofl9cgs08c0ydtabo3v7l1y2s','e30:1mABFO:ScXSCGmh8OnIadrFFRsx7hsFBpVFZZdk3pdBOX0lXkk','2021-08-15 13:11:18.578010');
INSERT INTO "django_session" VALUES('v7aa4sw9bvja79axc74yuz9a7a6zc9kn','e30:1mABG0:9VfWM34uq4RLOvEE-G2PdGYMDWjZw126waF1DhJllg4','2021-08-15 13:11:56.053925');
INSERT INTO "django_session" VALUES('w3200ig7dtt3blmv7xw1tvaycendg31k','e30:1mABGb:jbIE9IN2rLDlql0HB77U9sb_cOU_oEx5FZlDLH8zDw0','2021-08-15 13:12:33.039906');
INSERT INTO "django_session" VALUES('sxfxl0yrrpno2rxfxepsum0h7i6v9zsu','e30:1mABHK:LyKpmZ0ILxLHsVFjIWRtI1xXF81pVUhv9ryc09FB6bs','2021-08-15 13:13:18.719821');
INSERT INTO "django_session" VALUES('ll1keg9ghia68gu6lqhy5hsb1aa9st7k','e30:1mABI7:_pcQEUDPDtTOUaj-2a6pj8_Ysw-umLkTRq3GRFQXaFk','2021-08-15 13:14:07.257075');
INSERT INTO "django_session" VALUES('3xpvt2suw46ch5k7ioyibd9bf1aixfm3','e30:1mABIo:PQdehl7EvuJzS5B21_CXvVsEWR2wqEa7JUeodpHBvpY','2021-08-15 13:14:50.865058');
INSERT INTO "django_session" VALUES('rzyrsrx5pbn5hcomj378mky1a3qldt15','e30:1mAOlp:EIKUNtVV22CRioVuO-Y28RJ3aHXhYl7zC83Hy9JZ1BM','2021-08-16 03:37:41.079852');
INSERT INTO "django_session" VALUES('4r7vssewremyuu18osouc41lulhjsgkk','e30:1mAOnS:emThyyd78Ac4zYb3IiKMr3ixEeDg8f0atIB5Xgcb-Bg','2021-08-16 03:39:22.288823');
INSERT INTO "django_session" VALUES('hfm4u7mdlsjbc7xxi06vvety6ddnmlnj','e30:1mAP4q:4XzSLnFCE_oqTLFFnMneHEgEp1Md0rG_qfjTEVYyZdc','2021-08-16 03:57:20.566894');
INSERT INTO "django_session" VALUES('3a7zqhlaajux124uezpsw7ttadwh9kxn','e30:1mAP5e:TBE_fur9pJWB9NH8mdsn3Fg2JVaHFeAvLF_Yd5DkFss','2021-08-16 03:58:10.294258');
INSERT INTO "django_session" VALUES('jlph57hz3map49nmh360kt3vlhx3tinp','e30:1mAPG4:rKclfax67cReVc_N_9cyYUyLNHfbpZ3ZLX20vs-C8oQ','2021-08-16 04:08:56.888299');
INSERT INTO "django_session" VALUES('78d7uhmdvkctvzl8pocgve0lp0oaxfts','.eJxVjMsOgjAUBf-la9O05dJSl-75BnJfCmpKQmFl_HclYaHbMzPnZQbc1nHYqi7DJOZsvDn9boT80LIDuWO5zZbnsi4T2V2xB622n0Wfl8P9Oxixjt-aQm4acI4i55SYrwLq2o5EFJmhDUkCEQgqKIMHL9Jx7rIjyDG2wbw__B84YQ:1mATAQ:Ql1oZQTuo1sHQ40jdrIThg_KA4TvoVUsRdU1f_8c4UY','2021-08-16 08:19:22.110156');
INSERT INTO "django_session" VALUES('kuklrnalhrw2yjxdcbur2nywdai08zvk','.eJw9jLEKwkAQRH_l2PoK65RRwcLKVkSOy5Ishl25nROC-O-5ELAb3sybL-UEHq0IO3V36tkR-lI9TwykcP5woUgndueCcOMs77aMtBXLkJZwNHuJjg1dbJZGPCQdNlHhu9A6rSgCMW35WjVP_6tHJBjS_MxWFdQdfisaCTPF:1mAwMx:73xZUuvr0GdjMeFB6ZjS3_niS2hBGMRqbCjP5MfMVfc','2021-08-17 15:30:15.653355');
INSERT INTO "django_session" VALUES('7b6a5lnp6xh9w4x8hppi35kqz6m0wytu','.eJw9jLEKwkAQRH_l2PoK65RRwcLKVkSOy5Ishl25nROC-O-5ELAb3sybL-UEHq0IO3V36tkR-lI9TwykcP5woUgndueCcOMs77aMtBXLkJZwNHuJjg1dbJZGPCQdNlHhu9A6rSgCMW35WjVP_6tHJBjS_MxWFdQdfisaCTPF:1mAxUt:0Y9K8vx7BgQuo65PP66Cbn2Tf96HqCtkSIw8n2VISrM','2021-08-17 16:42:31.011186');
INSERT INTO "django_session" VALUES('n3fwafpk0gdq3s6aiysp2u8a9pskztqu','.eJxVjUFLxDAQhf9KmXMp6bYm7R6rgge9eBUps5NpG7ck0kyERfzvprgIexve970330AoPIfNcYTjGwwcpRi2FGlhESwev3iDEh44Rt6keGVyn9ksYQcXi5fiPoSz83OOnsLqchIL9HYveol_hcx8ks2JCz7fz8nT8j_1XoIEwXWkkLzA0ZQwYpJlTPnj6CwcoYWb7IR0Zr8D-4F-DhUFn9dP1a5UVxqrl2B5Ha7uzcCCccltorqrW-y0slrXvTZc96o1POnOtpNhUpPRqqFD32Jt7MTKcn-YmLBR_R018PMLzlFq4w:1mBBxJ:nZBTJUTLFSrqsGlYEDzlbUXmei1R_V7wZufxlAooyz8','2021-08-18 08:08:49.588847');
INSERT INTO "django_session" VALUES('i0l3v0646mt14itsrn5rquilb3c2ecl9','.eJw9jLEKwkAQRH_l2PoK65RRwcLKVkSOy5Ishl25nROC-O-5ELAb3sybL-UEHq0IO3V36tkR-lI9TwykcP5woUgndueCcOMs77aMtBXLkJZwNHuJjg1dbJZGPCQdNlHhu9A6rSgCMW35WjVP_6tHJBjS_MxWFdQdfisaCTPF:1mBran:-enjcqYwSoN3xLAxjy9oECUSTGzh7Zvoy_8fTltmWYo','2021-08-20 04:36:21.854855');
INSERT INTO "django_session" VALUES('1tte5ka3vasesoihx8wn1j84a7fcm1kv','.eJxVjMsOgjAUBf-la9O05dJSl-75BnJfCmpKQmFl_HclYaHbMzPnZQbc1nHYqi7DJOZsvDn9boT80LIDuWO5zZbnsi4T2V2xB622n0Wfl8P9Oxixjt-aQm4acI4i55SYrwLq2o5EFJmhDUkCEQgqKIMHL9Jx7rIjyDG2wbw__B84YQ:1mBsOC:A8VSIsBRDcF4hpYkawnEQHAt1P3s_Pie0FRYmigUzFM','2021-08-20 05:27:24.596025');
INSERT INTO "django_session" VALUES('hv0q1al37xy33a11jb2kem5wjg0dpjl4','.eJw9jLEKwkAQRH_l2PoK65RRwcLKVkSOy5Ishl25nROC-O-5ELAb3sybL-UEHq0IO3V36tkR-lI9TwykcP5woUgndueCcOMs77aMtBXLkJZwNHuJjg1dbJZGPCQdNlHhu9A6rSgCMW35WjVP_6tHJBjS_MxWFdQdfisaCTPF:1mCFeR:zHbb74SF3abQ_o_XxjF9PJKlhBHnG7mgMTx8zOzk5AU','2021-08-21 06:17:43.369118');
INSERT INTO "django_session" VALUES('j0ziblsgmoq22thej9fxuq75m7vxielo','.eJxVjMsOgjAUBf-la9O05dJSl-75BnJfCmpKQmFl_HclYaHbMzPnZQbc1nHYqi7DJOZsvDn9boT80LIDuWO5zZbnsi4T2V2xB622n0Wfl8P9Oxixjt-aQm4acI4i55SYrwLq2o5EFJmhDUkCEQgqKIMHL9Jx7rIjyDG2wbw__B84YQ:1mCFeW:mXnK5jrVV647MN_dqJjP2twP_OiLw6Gg5Cw7nbGa8Ro','2021-08-21 06:17:48.235855');
INSERT INTO "django_session" VALUES('1avkdw60w4gky4a4vcl4mfvuxnc6vkno','.eJw9jLEKwkAQRH_l2PoK65RRwcLKVkSOy5Ishl25nROC-O-5ELAb3sybL-UEHq0IO3V36tkR-lI9TwykcP5woUgndueCcOMs77aMtBXLkJZwNHuJjg1dbJZGPCQdNlHhu9A6rSgCMW35WjVP_6tHJBjS_MxWFdQdfisaCTPF:1mD3LF:hn07Dze_j2DAZk7RlrvLUMLMXBXc8T8PZr85LGdJiJA','2021-08-23 11:21:13.551590');
INSERT INTO "django_session" VALUES('nif7wesq44qh7ucr2txwptce3uq21lx4','.eJw9jLEKwkAQRH_l2PoK65RRwcLKVkSOy5Ishl25nROC-O-5ELAb3sybL-UEHq0IO3V36tkR-lI9TwykcP5woUgndueCcOMs77aMtBXLkJZwNHuJjg1dbJZGPCQdNlHhu9A6rSgCMW35WjVP_6tHJBjS_MxWFdQdfisaCTPF:1mD7Om:XeNbU1XLNTHhe3J1s6Q3XtUBXbZXTpk_wiZi22nlD80','2021-08-23 15:41:08.527637');
INSERT INTO "django_session" VALUES('4k6ac2fyf2y0hjzuoyjxy8g67a5a2wj6','.eJxVjMsOgjAUBf-la9O05dJSl-75BnJfCmpKQmFl_HclYaHbMzPnZQbc1nHYqi7DJOZsvDn9boT80LIDuWO5zZbnsi4T2V2xB622n0Wfl8P9Oxixjt-aQm4acI4i55SYrwLq2o5EFJmhDUkCEQgqKIMHL9Jx7rIjyDG2wbw__B84YQ:1mDQLC:dN_VO8UgYcO2Mj1rdqcCXgEHniYgTFN7ZLsGJeNyelU','2021-08-24 11:54:42.958424');
INSERT INTO "django_session" VALUES('t7o6f7q51tgu5f4tq9ff7drkbfg6e69b','.eJw9jLEKwkAQRH_l2PoK65RRwcLKVkSOy5Ishl25nROC-O-5ELAb3sybL-UEHq0IO3V36tkR-lI9TwykcP5woUgndueCcOMs77aMtBXLkJZwNHuJjg1dbJZGPCQdNlHhu9A6rSgCMW35WjVP_6tHJBjS_MxWFdQdfisaCTPF:1mDqnp:qA4YUqIp5jSkARneX411rrKBw1x-Lv_OdRDlvNeIIlY','2021-08-25 16:10:01.265550');
INSERT INTO "django_session" VALUES('01djqvtq2tb8omzc1rhp372fmrqko9p8','.eJxVjMsOgjAUBf-la9O05dJSl-75BnJfCmpKQmFl_HclYaHbMzPnZQbc1nHYqi7DJOZsvDn9boT80LIDuWO5zZbnsi4T2V2xB622n0Wfl8P9Oxixjt-aQm4acI4i55SYrwLq2o5EFJmhDUkCEQgqKIMHL9Jx7rIjyDG2wbw__B84YQ:1mE52p:2_eG7-KbmM5fk_bUzuPWhpvlL7Q2zcR2yylGIbLePoM','2021-08-26 07:22:27.118765');
INSERT INTO "django_session" VALUES('9dqipjpeyzl47we2fnz90688im4uvz93','.eJyNU8Fu2zAM_RVB13lZHCdxnNOabN0O66UFtsMwGLJE2VwdyZPoFWnQfx-VtB1SbMNu4iP5-EA9HqRWBK0PCFGuv8oNRBKbMEbdAZES739CkJl8BzFCIHENGgeuzGRK7I3ai633t-hahj76HhmJQjmTGh3FUwPn3EgBCb3j96fR6e6Z6lsmyZPqa-1HR3KdrzJZq5G6euSRNRq5loU8wxqlb8GlhPmuXOsn2jumbyapZPKYjZMrb6DfPNaeEXQqdty9AmuX-Wyui6qpVkWptSpAmfmimNu5bSzYarkwxuR6OjOLmc2nYBtVVUVRNMZOZ0zqg-EFrQ-nR22AFPZpkweJBLvaqR3wpMsAsROfoW0RxEa10Isb3tId6o5JfozKEdJersunZQwBNTfm5WKayYj3iUQ-ZP_Leka6fEFalLO_c94MqPfiQ8C-ByO2HUCEP2udvaBdTv8hdQs9NIGtJu6QOkF-eJ0iI7qTaYRONoKYCTUMQMwS0puNZE7WixNxiRxSByJg25EIRwMJ6wPX7Z-IJmcaixcaqzONbL3kHKWpRmd9-kaLIdKT6AtCy3S9-g1dKxaQLmLnm9pxi3xV5RzCjv-dI8UtsVMWl8XbNmHszR1vQ7IVMZ3M8yR9FCi_HA8OXKt6pmlG7E26JpaXyXsc-CpMmpuz8jwNGnw8HcsRLqcMlwxHCgCUTmX5Jr8QV7oHb8TNCeXxWgWqj6vgpRTl_OHhF2cQVOs:1mGJAn:Jo4qAaYI-NRHkILV2naaN7eUPULFIjLIFT18NraDCg4','2021-09-01 10:51:53.783504');
INSERT INTO "django_session" VALUES('j44a09ot1bvpz0w1uq2gx5xhsvf3fs6r','.eJxVjU1LxTAQRf9KmXUpbV_6uawKLnTjVqQkM2MbX0mkmQgP8b-b4kN4u-Gec-98A2rhxe-WA4yvMHGQbNpjwJVFdPbwxTvkcM8h8C7ZC6P9TGYOB7iQvmR33p-tW1L06DebkpBpR0fRSfgrJOai7Fasd-l-ig7X_6m3HMSL3mb00QmMZQ6zjrLOMX2cLcEIFdxkRuOZ3QHoQ7vFF-hdWjfFoRRXGopnT7xNV_dmYNVhTW1TD6eTKkvT4tB1iO-kuGx6Q8QaUTV1R7UxijQrRlWpiqjHoR9Ko4a2bWr4-QXwCWtZ:1mEqck:1QVZ0oaOIDtBj8Cd1T9L5YPYEYCyt12T9I7jjQ9khiw','2021-08-28 10:10:42.722629');
INSERT INTO "django_session" VALUES('32wohikag0dnzhrcz4l1a13oxd7wfbdj','.eJxVjMsOgjAUBf-la9O05dJSl-75BnJfCmpKQmFl_HclYaHbMzPnZQbc1nHYqi7DJOZsvDn9boT80LIDuWO5zZbnsi4T2V2xB622n0Wfl8P9Oxixjt-aQm4acI4i55SYrwLq2o5EFJmhDUkCEQgqKIMHL9Jx7rIjyDG2wbw__B84YQ:1mGGe4:nQxi0npxSNRKtLHzSmjGKI_wIbdtTXIx_ExyYjlXMc8','2021-09-01 08:09:56.637964');
CREATE INDEX IF NOT EXISTS "django_admin_log_content_type_id_c4bce8eb" ON "django_admin_log" ("content_type_id");
CREATE INDEX IF NOT EXISTS "django_admin_log_user_id_c564eba6" ON "django_admin_log" ("user_id");
CREATE UNIQUE INDEX "django_content_type_app_label_model_76bd3d3b_uniq" ON "django_content_type" ("app_label", "model");
CREATE UNIQUE INDEX "auth_group_permissions_group_id_permission_id_0cd325b0_uniq" ON "auth_group_permissions" ("group_id", "permission_id");
CREATE INDEX IF NOT EXISTS "auth_group_permissions_group_id_b120cbf9" ON "auth_group_permissions" ("group_id");
CREATE INDEX IF NOT EXISTS "auth_group_permissions_permission_id_84c5c92e" ON "auth_group_permissions" ("permission_id");
CREATE UNIQUE INDEX "auth_permission_content_type_id_codename_01ab375a_uniq" ON "auth_permission" ("content_type_id", "codename");
CREATE INDEX IF NOT EXISTS "auth_permission_content_type_id_2f476e4b" ON "auth_permission" ("content_type_id");
CREATE INDEX IF NOT EXISTS "menus_category_uri_name_7a6ba75c" ON "menus_category" ("uri_name");
CREATE UNIQUE INDEX "menus_menuitem_restruant_menuitem_id_restaurants_id_fbf0fb0b_uniq" ON "menus_menuitem_restruant" ("menuitem_id", "restaurants_id");
CREATE INDEX IF NOT EXISTS "menus_menuitem_restruant_menuitem_id_38452ccb" ON "menus_menuitem_restruant" ("menuitem_id");
CREATE INDEX IF NOT EXISTS "menus_menuitem_restruant_restaurants_id_99c27744" ON "menus_menuitem_restruant" ("restaurants_id");
CREATE INDEX IF NOT EXISTS "menus_ingredients_item_id_9d9186d9" ON "menus_ingredients" ("item_id");
CREATE INDEX IF NOT EXISTS "django_session_expire_date_a5c62663" ON "django_session" ("expire_date");
CREATE UNIQUE INDEX "orders_status_order_status_id_placedorder_id_d9107fbc_uniq" ON "orders_status_order" ("status_id", "placedorder_id");
CREATE INDEX IF NOT EXISTS "orders_status_order_status_id_4cd1b32b" ON "orders_status_order" ("status_id");
CREATE INDEX IF NOT EXISTS "orders_status_order_placedorder_id_95ab72d7" ON "orders_status_order" ("placedorder_id");
CREATE INDEX IF NOT EXISTS "customers_customers_city_id_34000c30" ON "customers_customers" ("city_id");
CREATE INDEX IF NOT EXISTS "restaurants_restaurants_city_id_36e11db0" ON "restaurants_restaurants" ("city_id");
CREATE INDEX IF NOT EXISTS "orders_comment_customer_id_4309df1c" ON "orders_comment" ("customer_id");
CREATE INDEX IF NOT EXISTS "orders_comment_order_id_6f03ba56" ON "orders_comment" ("order_id");
CREATE INDEX IF NOT EXISTS "menus_menuitem_category_id_6afa88ab" ON "menus_menuitem" ("category_id");
CREATE UNIQUE INDEX "menus_menuitem_offer_menuitem_id_offer_id_0f6e179d_uniq" ON "menus_menuitem_offer" ("menuitem_id", "offer_id");
CREATE INDEX IF NOT EXISTS "menus_menuitem_offer_menuitem_id_a4616030" ON "menus_menuitem_offer" ("menuitem_id");
CREATE INDEX IF NOT EXISTS "menus_menuitem_offer_offer_id_c2e00be8" ON "menus_menuitem_offer" ("offer_id");
CREATE INDEX IF NOT EXISTS "orders_cart_user_id_121a069e" ON "orders_cart" ("user_id");
CREATE INDEX IF NOT EXISTS "orders_cartitem_cart_id_529df5fa" ON "orders_cartitem" ("cart_id");
CREATE INDEX IF NOT EXISTS "orders_cartitem_menu_item_id_8bb3e579" ON "orders_cartitem" ("menu_item_id");
CREATE INDEX IF NOT EXISTS "orders_ordereditems_ordereditem_id_7379a9fa" ON "orders_ordereditems" ("ordereditem_id");
CREATE INDEX IF NOT EXISTS "orders_ordereditems_item_id_a3a120df" ON "orders_ordereditems" ("item_id");
CREATE INDEX IF NOT EXISTS "orders_placedorder_restraunt_id_a4baf536" ON "orders_placedorder" ("restraunt_id");
CREATE INDEX IF NOT EXISTS "orders_placedorder_customer_id_5088a8d0" ON "orders_placedorder" ("customer_id");
CREATE TABLE IF NOT EXISTS "menus_category" ("id" integer NOT NULL PRIMARY KEY AUTOINCREMENT, "name" varchar(25) NOT NULL, "uri_name" varchar(25) NOT NULL, "description" text NOT NULL, "image" varchar(100) NOT NULL);
INSERT INTO "menus_category" VALUES(1,'Best Bruschetta Ever','best-bruschetta-ever','This is a great garlicky bruschetta recipe. Serve it on slices of French bread. It''s a wonderful accompaniment to tomato pastas.','');
INSERT INTO "menus_category" VALUES(2,'Dessert Recipes','dessert-recipes','Whether you crave sweet, savory, decadent or healthy, we have hundreds of top-rated dessert recipes to satisfy your taste buds.','');
INSERT INTO "menus_category" VALUES(3,'Everyday Cooking','everyday-cooking','Speedy weeknight dinners, 5-ingredient dishes, quick and easy meals, plus kid-pleasing snacks and desserts.','');
INSERT INTO "menus_category" VALUES(4,'Holidays and Events Recip','holidays-and-events-recip','Celebrate with top-rated holiday cookies, appetizers, and desserts. Find the right recipe for any holiday.','');
INSERT INTO "menus_category" VALUES(5,'nutrition','nutrition','','');
INSERT INTO "menus_category" VALUES(6,'Lunch Recipes','lunch-recipes','Looking for lunch recipes? Allrecipes has more than 1,170 trusted lunch ideas whether you''re planning ahead or looking for something last minute.','');
CREATE INDEX IF NOT EXISTS "django_admin_log_content_type_id_c4bce8eb" ON "django_admin_log" ("content_type_id");
CREATE INDEX IF NOT EXISTS "django_admin_log_user_id_c564eba6" ON "django_admin_log" ("user_id");
CREATE UNIQUE INDEX "django_content_type_app_label_model_76bd3d3b_uniq" ON "django_content_type" ("app_label", "model");
CREATE UNIQUE INDEX "auth_group_permissions_group_id_permission_id_0cd325b0_uniq" ON "auth_group_permissions" ("group_id", "permission_id");
CREATE INDEX IF NOT EXISTS "auth_group_permissions_group_id_b120cbf9" ON "auth_group_permissions" ("group_id");
CREATE INDEX IF NOT EXISTS "auth_group_permissions_permission_id_84c5c92e" ON "auth_group_permissions" ("permission_id");
CREATE UNIQUE INDEX "auth_permission_content_type_id_codename_01ab375a_uniq" ON "auth_permission" ("content_type_id", "codename");
CREATE INDEX IF NOT EXISTS "auth_permission_content_type_id_2f476e4b" ON "auth_permission" ("content_type_id");
CREATE INDEX IF NOT EXISTS "menus_category_uri_name_7a6ba75c" ON "menus_category" ("uri_name");
CREATE UNIQUE INDEX "menus_menuitem_restruant_menuitem_id_restaurants_id_fbf0fb0b_uniq" ON "menus_menuitem_restruant" ("menuitem_id", "restaurants_id");
CREATE INDEX IF NOT EXISTS "menus_menuitem_restruant_menuitem_id_38452ccb" ON "menus_menuitem_restruant" ("menuitem_id");
CREATE INDEX IF NOT EXISTS "menus_menuitem_restruant_restaurants_id_99c27744" ON "menus_menuitem_restruant" ("restaurants_id");
CREATE INDEX IF NOT EXISTS "menus_ingredients_item_id_9d9186d9" ON "menus_ingredients" ("item_id");
CREATE INDEX IF NOT EXISTS "django_session_expire_date_a5c62663" ON "django_session" ("expire_date");
CREATE UNIQUE INDEX "orders_status_order_status_id_placedorder_id_d9107fbc_uniq" ON "orders_status_order" ("status_id", "placedorder_id");
CREATE INDEX IF NOT EXISTS "orders_status_order_status_id_4cd1b32b" ON "orders_status_order" ("status_id");
CREATE INDEX IF NOT EXISTS "orders_status_order_placedorder_id_95ab72d7" ON "orders_status_order" ("placedorder_id");
CREATE INDEX IF NOT EXISTS "customers_customers_city_id_34000c30" ON "customers_customers" ("city_id");
CREATE INDEX IF NOT EXISTS "restaurants_restaurants_city_id_36e11db0" ON "restaurants_restaurants" ("city_id");
CREATE INDEX IF NOT EXISTS "orders_comment_customer_id_4309df1c" ON "orders_comment" ("customer_id");
CREATE INDEX IF NOT EXISTS "orders_comment_order_id_6f03ba56" ON "orders_comment" ("order_id");
CREATE INDEX IF NOT EXISTS "menus_menuitem_category_id_6afa88ab" ON "menus_menuitem" ("category_id");
CREATE UNIQUE INDEX "menus_menuitem_offer_menuitem_id_offer_id_0f6e179d_uniq" ON "menus_menuitem_offer" ("menuitem_id", "offer_id");
CREATE INDEX IF NOT EXISTS "menus_menuitem_offer_menuitem_id_a4616030" ON "menus_menuitem_offer" ("menuitem_id");
CREATE INDEX IF NOT EXISTS "menus_menuitem_offer_offer_id_c2e00be8" ON "menus_menuitem_offer" ("offer_id");
CREATE INDEX IF NOT EXISTS "orders_cart_user_id_121a069e" ON "orders_cart" ("user_id");
CREATE INDEX IF NOT EXISTS "orders_cartitem_cart_id_529df5fa" ON "orders_cartitem" ("cart_id");
CREATE INDEX IF NOT EXISTS "orders_cartitem_menu_item_id_8bb3e579" ON "orders_cartitem" ("menu_item_id");
CREATE INDEX IF NOT EXISTS "orders_ordereditems_ordereditem_id_7379a9fa" ON "orders_ordereditems" ("ordereditem_id");
CREATE INDEX IF NOT EXISTS "orders_ordereditems_item_id_a3a120df" ON "orders_ordereditems" ("item_id");
CREATE INDEX IF NOT EXISTS "orders_placedorder_restraunt_id_a4baf536" ON "orders_placedorder" ("restraunt_id");
CREATE INDEX IF NOT EXISTS "orders_placedorder_customer_id_5088a8d0" ON "orders_placedorder" ("customer_id");
CREATE TABLE IF NOT EXISTS "menus_ingredients" ("id" integer NOT NULL PRIMARY KEY AUTOINCREMENT, "name" varchar(25) NOT NULL, "item_id" bigint NOT NULL REFERENCES "menus_menuitem" ("id") DEFERRABLE INITIALLY DEFERRED);
CREATE INDEX IF NOT EXISTS "django_admin_log_content_type_id_c4bce8eb" ON "django_admin_log" ("content_type_id");
CREATE INDEX IF NOT EXISTS "django_admin_log_user_id_c564eba6" ON "django_admin_log" ("user_id");
CREATE UNIQUE INDEX "django_content_type_app_label_model_76bd3d3b_uniq" ON "django_content_type" ("app_label", "model");
CREATE UNIQUE INDEX "auth_group_permissions_group_id_permission_id_0cd325b0_uniq" ON "auth_group_permissions" ("group_id", "permission_id");
CREATE INDEX IF NOT EXISTS "auth_group_permissions_group_id_b120cbf9" ON "auth_group_permissions" ("group_id");
CREATE INDEX IF NOT EXISTS "auth_group_permissions_permission_id_84c5c92e" ON "auth_group_permissions" ("permission_id");
CREATE UNIQUE INDEX "auth_permission_content_type_id_codename_01ab375a_uniq" ON "auth_permission" ("content_type_id", "codename");
CREATE INDEX IF NOT EXISTS "auth_permission_content_type_id_2f476e4b" ON "auth_permission" ("content_type_id");
CREATE INDEX IF NOT EXISTS "menus_category_uri_name_7a6ba75c" ON "menus_category" ("uri_name");
CREATE UNIQUE INDEX "menus_menuitem_restruant_menuitem_id_restaurants_id_fbf0fb0b_uniq" ON "menus_menuitem_restruant" ("menuitem_id", "restaurants_id");
CREATE INDEX IF NOT EXISTS "menus_menuitem_restruant_menuitem_id_38452ccb" ON "menus_menuitem_restruant" ("menuitem_id");
CREATE INDEX IF NOT EXISTS "menus_menuitem_restruant_restaurants_id_99c27744" ON "menus_menuitem_restruant" ("restaurants_id");
CREATE INDEX IF NOT EXISTS "menus_ingredients_item_id_9d9186d9" ON "menus_ingredients" ("item_id");
CREATE INDEX IF NOT EXISTS "django_session_expire_date_a5c62663" ON "django_session" ("expire_date");
CREATE UNIQUE INDEX "orders_status_order_status_id_placedorder_id_d9107fbc_uniq" ON "orders_status_order" ("status_id", "placedorder_id");
CREATE INDEX IF NOT EXISTS "orders_status_order_status_id_4cd1b32b" ON "orders_status_order" ("status_id");
CREATE INDEX IF NOT EXISTS "orders_status_order_placedorder_id_95ab72d7" ON "orders_status_order" ("placedorder_id");
CREATE INDEX IF NOT EXISTS "customers_customers_city_id_34000c30" ON "customers_customers" ("city_id");
CREATE INDEX IF NOT EXISTS "restaurants_restaurants_city_id_36e11db0" ON "restaurants_restaurants" ("city_id");
CREATE INDEX IF NOT EXISTS "orders_comment_customer_id_4309df1c" ON "orders_comment" ("customer_id");
CREATE INDEX IF NOT EXISTS "orders_comment_order_id_6f03ba56" ON "orders_comment" ("order_id");
CREATE INDEX IF NOT EXISTS "menus_menuitem_category_id_6afa88ab" ON "menus_menuitem" ("category_id");
CREATE UNIQUE INDEX "menus_menuitem_offer_menuitem_id_offer_id_0f6e179d_uniq" ON "menus_menuitem_offer" ("menuitem_id", "offer_id");
CREATE INDEX IF NOT EXISTS "menus_menuitem_offer_menuitem_id_a4616030" ON "menus_menuitem_offer" ("menuitem_id");
CREATE INDEX IF NOT EXISTS "menus_menuitem_offer_offer_id_c2e00be8" ON "menus_menuitem_offer" ("offer_id");
CREATE INDEX IF NOT EXISTS "orders_cart_user_id_121a069e" ON "orders_cart" ("user_id");
CREATE INDEX IF NOT EXISTS "orders_cartitem_cart_id_529df5fa" ON "orders_cartitem" ("cart_id");
CREATE INDEX IF NOT EXISTS "orders_cartitem_menu_item_id_8bb3e579" ON "orders_cartitem" ("menu_item_id");
CREATE INDEX IF NOT EXISTS "orders_ordereditems_ordereditem_id_7379a9fa" ON "orders_ordereditems" ("ordereditem_id");
CREATE INDEX IF NOT EXISTS "orders_ordereditems_item_id_a3a120df" ON "orders_ordereditems" ("item_id");
CREATE INDEX IF NOT EXISTS "orders_placedorder_restraunt_id_a4baf536" ON "orders_placedorder" ("restraunt_id");
CREATE INDEX IF NOT EXISTS "orders_placedorder_customer_id_5088a8d0" ON "orders_placedorder" ("customer_id");
CREATE TABLE IF NOT EXISTS "menus_menuitem" ("id" integer NOT NULL PRIMARY KEY AUTOINCREMENT, "item_name" varchar(255) NOT NULL, "description" text NOT NULL, "recipe" text NOT NULL, "price" decimal NOT NULL, "is_available" bool NOT NULL, "image" varchar(100) NOT NULL, "date_added" datetime NOT NULL, "category_id" bigint NOT NULL REFERENCES "menus_category" ("id") DEFERRABLE INITIALLY DEFERRED, "is_veg" bool NOT NULL);
INSERT INTO "menus_menuitem" VALUES(1,'Celebrate with top-rated holiday cookies, appetizers, and desserts. Find the right recipe for any holiday.','This is yummy the day you make it, but is even more delicious the next day.','This is yummy the day you make it, but is even more delicious the next day.',300,1,'menu_items/image_4.jpg','2021-08-01 08:23:59.116762',4,0);
INSERT INTO "menus_menuitem" VALUES(2,'Pomegranate Chicken','Basting a chicken with a sweet pomegranate reduction makes a lovely dish for Seder.','Basting a chicken with a sweet pomegranate reduction makes a lovely dish for Seder.',300,1,'menu_items/image_4_rQ6haRj.jpg','2021-08-01 08:24:30.754487',4,0);
INSERT INTO "menus_menuitem" VALUES(3,'Passover (Pesach) Brownies','I experimented for years to come up with a brownie made with matzo ... this is the best!','I experimented for years to come up with a brownie made with matzo ... this is the best!',234,1,'menu_items/image_2_KTJFecf.jpg','2021-08-01 08:25:51.798343',3,0);
INSERT INTO "menus_menuitem" VALUES(4,'Virgina''s Tuna Salad','This was always a summer Saturday favorite for my grandparents and I. Great served on a large lettuce leaf. You may also add grapes or chopped apples if you wish.
By KRISTIEV','This was always a summer Saturday favorite for my grandparents and I. Great served on a large lettuce leaf. You may also add grapes or chopped apples if you wish.
By KRISTIEV',300,1,'menu_items/image_6_CSInD6U.jpg','2021-08-02 13:10:44.096556',6,0);
INSERT INTO "menus_menuitem" VALUES(5,'Spicy Grilled Cheese Sandwich','Grilled cheese with onions, tomatoes and jalapenos-- tastier than the original!
By PATELGURL','Grilled cheese with onions, tomatoes and jalapenos-- tastier than the original!
By PATELGURL',300,0,'menu_items/image_7.jpg','2021-08-02 13:12:05.623417',6,0);
INSERT INTO "menus_menuitem" VALUES(6,'Fresh Veggie Bagel Sandwic','This sandwich is so healthy and fresh! Crispy veggies and tangy mustard make this meal a real treat that you won''t have to feel bad about eating. This sandwich is terrific with gourmet kettle cooked potato chips!','This sandwich is so healthy and fresh! Crispy veggies and tangy mustard make this meal a real treat that you won''t have to feel bad about eating. This sandwich is terrific with gourmet kettle cooked potato chips!',62,1,'menu_items/image_7_pV6TY2H.jpg','2021-08-02 13:13:01.299745',6,1);
INSERT INTO "menus_menuitem" VALUES(7,'Fresh Veggie Bagel Sandwich','This sandwich is so healthy and fresh! Crispy veggies and tangy mustard make this meal a real treat that you won''t have to feel bad about eating. This sandwich is terrific with gourmet kettle cooked potato chips!','This sandwich is so healthy and fresh! Crispy veggies and tangy mustard make this meal a real treat that you won''t have to feel bad about eating. This sandwich is terrific with gourmet kettle cooked potato chips!',250,1,'menu_items/image_9.jpg','2021-08-02 15:07:14.668121',3,1);
CREATE INDEX IF NOT EXISTS "django_admin_log_content_type_id_c4bce8eb" ON "django_admin_log" ("content_type_id");
CREATE INDEX IF NOT EXISTS "django_admin_log_user_id_c564eba6" ON "django_admin_log" ("user_id");
CREATE UNIQUE INDEX "django_content_type_app_label_model_76bd3d3b_uniq" ON "django_content_type" ("app_label", "model");
CREATE UNIQUE INDEX "auth_group_permissions_group_id_permission_id_0cd325b0_uniq" ON "auth_group_permissions" ("group_id", "permission_id");
CREATE INDEX IF NOT EXISTS "auth_group_permissions_group_id_b120cbf9" ON "auth_group_permissions" ("group_id");
CREATE INDEX IF NOT EXISTS "auth_group_permissions_permission_id_84c5c92e" ON "auth_group_permissions" ("permission_id");
CREATE UNIQUE INDEX "auth_permission_content_type_id_codename_01ab375a_uniq" ON "auth_permission" ("content_type_id", "codename");
CREATE INDEX IF NOT EXISTS "auth_permission_content_type_id_2f476e4b" ON "auth_permission" ("content_type_id");
CREATE INDEX IF NOT EXISTS "menus_category_uri_name_7a6ba75c" ON "menus_category" ("uri_name");
CREATE UNIQUE INDEX "menus_menuitem_restruant_menuitem_id_restaurants_id_fbf0fb0b_uniq" ON "menus_menuitem_restruant" ("menuitem_id", "restaurants_id");
CREATE INDEX IF NOT EXISTS "menus_menuitem_restruant_menuitem_id_38452ccb" ON "menus_menuitem_restruant" ("menuitem_id");
CREATE INDEX IF NOT EXISTS "menus_menuitem_restruant_restaurants_id_99c27744" ON "menus_menuitem_restruant" ("restaurants_id");
CREATE INDEX IF NOT EXISTS "menus_ingredients_item_id_9d9186d9" ON "menus_ingredients" ("item_id");
CREATE INDEX IF NOT EXISTS "django_session_expire_date_a5c62663" ON "django_session" ("expire_date");
CREATE UNIQUE INDEX "orders_status_order_status_id_placedorder_id_d9107fbc_uniq" ON "orders_status_order" ("status_id", "placedorder_id");
CREATE INDEX IF NOT EXISTS "orders_status_order_status_id_4cd1b32b" ON "orders_status_order" ("status_id");
CREATE INDEX IF NOT EXISTS "orders_status_order_placedorder_id_95ab72d7" ON "orders_status_order" ("placedorder_id");
CREATE INDEX IF NOT EXISTS "customers_customers_city_id_34000c30" ON "customers_customers" ("city_id");
CREATE INDEX IF NOT EXISTS "restaurants_restaurants_city_id_36e11db0" ON "restaurants_restaurants" ("city_id");
CREATE INDEX IF NOT EXISTS "orders_comment_customer_id_4309df1c" ON "orders_comment" ("customer_id");
CREATE INDEX IF NOT EXISTS "orders_comment_order_id_6f03ba56" ON "orders_comment" ("order_id");
CREATE INDEX IF NOT EXISTS "menus_menuitem_category_id_6afa88ab" ON "menus_menuitem" ("category_id");
CREATE UNIQUE INDEX "menus_menuitem_offer_menuitem_id_offer_id_0f6e179d_uniq" ON "menus_menuitem_offer" ("menuitem_id", "offer_id");
CREATE INDEX IF NOT EXISTS "menus_menuitem_offer_menuitem_id_a4616030" ON "menus_menuitem_offer" ("menuitem_id");
CREATE INDEX IF NOT EXISTS "menus_menuitem_offer_offer_id_c2e00be8" ON "menus_menuitem_offer" ("offer_id");
CREATE INDEX IF NOT EXISTS "orders_cart_user_id_121a069e" ON "orders_cart" ("user_id");
CREATE INDEX IF NOT EXISTS "orders_cartitem_cart_id_529df5fa" ON "orders_cartitem" ("cart_id");
CREATE INDEX IF NOT EXISTS "orders_cartitem_menu_item_id_8bb3e579" ON "orders_cartitem" ("menu_item_id");
CREATE INDEX IF NOT EXISTS "orders_ordereditems_ordereditem_id_7379a9fa" ON "orders_ordereditems" ("ordereditem_id");
CREATE INDEX IF NOT EXISTS "orders_ordereditems_item_id_a3a120df" ON "orders_ordereditems" ("item_id");
CREATE INDEX IF NOT EXISTS "orders_placedorder_restraunt_id_a4baf536" ON "orders_placedorder" ("restraunt_id");
CREATE INDEX IF NOT EXISTS "orders_placedorder_customer_id_5088a8d0" ON "orders_placedorder" ("customer_id");
CREATE TABLE IF NOT EXISTS "menus_menuitem_offer" ("id" integer NOT NULL PRIMARY KEY AUTOINCREMENT, "menuitem_id" bigint NOT NULL REFERENCES "menus_menuitem" ("id") DEFERRABLE INITIALLY DEFERRED, "offer_id" bigint NOT NULL REFERENCES "menus_offer" ("id") DEFERRABLE INITIALLY DEFERRED);
INSERT INTO "menus_menuitem_offer" VALUES(1,5,2);
INSERT INTO "menus_menuitem_offer" VALUES(2,7,1);
INSERT INTO "menus_menuitem_offer" VALUES(3,7,2);
CREATE INDEX IF NOT EXISTS "django_admin_log_content_type_id_c4bce8eb" ON "django_admin_log" ("content_type_id");
CREATE INDEX IF NOT EXISTS "django_admin_log_user_id_c564eba6" ON "django_admin_log" ("user_id");
CREATE UNIQUE INDEX "django_content_type_app_label_model_76bd3d3b_uniq" ON "django_content_type" ("app_label", "model");
CREATE UNIQUE INDEX "auth_group_permissions_group_id_permission_id_0cd325b0_uniq" ON "auth_group_permissions" ("group_id", "permission_id");
CREATE INDEX IF NOT EXISTS "auth_group_permissions_group_id_b120cbf9" ON "auth_group_permissions" ("group_id");
CREATE INDEX IF NOT EXISTS "auth_group_permissions_permission_id_84c5c92e" ON "auth_group_permissions" ("permission_id");
CREATE UNIQUE INDEX "auth_permission_content_type_id_codename_01ab375a_uniq" ON "auth_permission" ("content_type_id", "codename");
CREATE INDEX IF NOT EXISTS "auth_permission_content_type_id_2f476e4b" ON "auth_permission" ("content_type_id");
CREATE INDEX IF NOT EXISTS "menus_category_uri_name_7a6ba75c" ON "menus_category" ("uri_name");
CREATE UNIQUE INDEX "menus_menuitem_restruant_menuitem_id_restaurants_id_fbf0fb0b_uniq" ON "menus_menuitem_restruant" ("menuitem_id", "restaurants_id");
CREATE INDEX IF NOT EXISTS "menus_menuitem_restruant_menuitem_id_38452ccb" ON "menus_menuitem_restruant" ("menuitem_id");
CREATE INDEX IF NOT EXISTS "menus_menuitem_restruant_restaurants_id_99c27744" ON "menus_menuitem_restruant" ("restaurants_id");
CREATE INDEX IF NOT EXISTS "menus_ingredients_item_id_9d9186d9" ON "menus_ingredients" ("item_id");
CREATE INDEX IF NOT EXISTS "django_session_expire_date_a5c62663" ON "django_session" ("expire_date");
CREATE UNIQUE INDEX "orders_status_order_status_id_placedorder_id_d9107fbc_uniq" ON "orders_status_order" ("status_id", "placedorder_id");
CREATE INDEX IF NOT EXISTS "orders_status_order_status_id_4cd1b32b" ON "orders_status_order" ("status_id");
CREATE INDEX IF NOT EXISTS "orders_status_order_placedorder_id_95ab72d7" ON "orders_status_order" ("placedorder_id");
CREATE INDEX IF NOT EXISTS "customers_customers_city_id_34000c30" ON "customers_customers" ("city_id");
CREATE INDEX IF NOT EXISTS "restaurants_restaurants_city_id_36e11db0" ON "restaurants_restaurants" ("city_id");
CREATE INDEX IF NOT EXISTS "orders_comment_customer_id_4309df1c" ON "orders_comment" ("customer_id");
CREATE INDEX IF NOT EXISTS "orders_comment_order_id_6f03ba56" ON "orders_comment" ("order_id");
CREATE INDEX IF NOT EXISTS "menus_menuitem_category_id_6afa88ab" ON "menus_menuitem" ("category_id");
CREATE UNIQUE INDEX "menus_menuitem_offer_menuitem_id_offer_id_0f6e179d_uniq" ON "menus_menuitem_offer" ("menuitem_id", "offer_id");
CREATE INDEX IF NOT EXISTS "menus_menuitem_offer_menuitem_id_a4616030" ON "menus_menuitem_offer" ("menuitem_id");
CREATE INDEX IF NOT EXISTS "menus_menuitem_offer_offer_id_c2e00be8" ON "menus_menuitem_offer" ("offer_id");
CREATE INDEX IF NOT EXISTS "orders_cart_user_id_121a069e" ON "orders_cart" ("user_id");
CREATE INDEX IF NOT EXISTS "orders_cartitem_cart_id_529df5fa" ON "orders_cartitem" ("cart_id");
CREATE INDEX IF NOT EXISTS "orders_cartitem_menu_item_id_8bb3e579" ON "orders_cartitem" ("menu_item_id");
CREATE INDEX IF NOT EXISTS "orders_ordereditems_ordereditem_id_7379a9fa" ON "orders_ordereditems" ("ordereditem_id");
CREATE INDEX IF NOT EXISTS "orders_ordereditems_item_id_a3a120df" ON "orders_ordereditems" ("item_id");
CREATE INDEX IF NOT EXISTS "orders_placedorder_restraunt_id_a4baf536" ON "orders_placedorder" ("restraunt_id");
CREATE INDEX IF NOT EXISTS "orders_placedorder_customer_id_5088a8d0" ON "orders_placedorder" ("customer_id");
CREATE TABLE IF NOT EXISTS "menus_menuitem_restruant" ("id" integer NOT NULL PRIMARY KEY AUTOINCREMENT, "menuitem_id" bigint NOT NULL REFERENCES "menus_menuitem" ("id") DEFERRABLE INITIALLY DEFERRED, "restaurants_id" bigint NOT NULL REFERENCES "restaurants_restaurants" ("id") DEFERRABLE INITIALLY DEFERRED);
INSERT INTO "menus_menuitem_restruant" VALUES(1,4,1);
INSERT INTO "menus_menuitem_restruant" VALUES(2,4,2);
INSERT INTO "menus_menuitem_restruant" VALUES(3,5,1);
INSERT INTO "menus_menuitem_restruant" VALUES(4,5,2);
INSERT INTO "menus_menuitem_restruant" VALUES(5,6,1);
INSERT INTO "menus_menuitem_restruant" VALUES(6,7,1);
INSERT INTO "menus_menuitem_restruant" VALUES(7,7,2);
CREATE INDEX IF NOT EXISTS "django_admin_log_content_type_id_c4bce8eb" ON "django_admin_log" ("content_type_id");
CREATE INDEX IF NOT EXISTS "django_admin_log_user_id_c564eba6" ON "django_admin_log" ("user_id");
CREATE UNIQUE INDEX "django_content_type_app_label_model_76bd3d3b_uniq" ON "django_content_type" ("app_label", "model");
CREATE UNIQUE INDEX "auth_group_permissions_group_id_permission_id_0cd325b0_uniq" ON "auth_group_permissions" ("group_id", "permission_id");
CREATE INDEX IF NOT EXISTS "auth_group_permissions_group_id_b120cbf9" ON "auth_group_permissions" ("group_id");
CREATE INDEX IF NOT EXISTS "auth_group_permissions_permission_id_84c5c92e" ON "auth_group_permissions" ("permission_id");
CREATE UNIQUE INDEX "auth_permission_content_type_id_codename_01ab375a_uniq" ON "auth_permission" ("content_type_id", "codename");
CREATE INDEX IF NOT EXISTS "auth_permission_content_type_id_2f476e4b" ON "auth_permission" ("content_type_id");
CREATE INDEX IF NOT EXISTS "menus_category_uri_name_7a6ba75c" ON "menus_category" ("uri_name");
CREATE UNIQUE INDEX "menus_menuitem_restruant_menuitem_id_restaurants_id_fbf0fb0b_uniq" ON "menus_menuitem_restruant" ("menuitem_id", "restaurants_id");
CREATE INDEX IF NOT EXISTS "menus_menuitem_restruant_menuitem_id_38452ccb" ON "menus_menuitem_restruant" ("menuitem_id");
CREATE INDEX IF NOT EXISTS "menus_menuitem_restruant_restaurants_id_99c27744" ON "menus_menuitem_restruant" ("restaurants_id");
CREATE INDEX IF NOT EXISTS "menus_ingredients_item_id_9d9186d9" ON "menus_ingredients" ("item_id");
CREATE INDEX IF NOT EXISTS "django_session_expire_date_a5c62663" ON "django_session" ("expire_date");
CREATE UNIQUE INDEX "orders_status_order_status_id_placedorder_id_d9107fbc_uniq" ON "orders_status_order" ("status_id", "placedorder_id");
CREATE INDEX IF NOT EXISTS "orders_status_order_status_id_4cd1b32b" ON "orders_status_order" ("status_id");
CREATE INDEX IF NOT EXISTS "orders_status_order_placedorder_id_95ab72d7" ON "orders_status_order" ("placedorder_id");
CREATE INDEX IF NOT EXISTS "customers_customers_city_id_34000c30" ON "customers_customers" ("city_id");
CREATE INDEX IF NOT EXISTS "restaurants_restaurants_city_id_36e11db0" ON "restaurants_restaurants" ("city_id");
CREATE INDEX IF NOT EXISTS "orders_comment_customer_id_4309df1c" ON "orders_comment" ("customer_id");
CREATE INDEX IF NOT EXISTS "orders_comment_order_id_6f03ba56" ON "orders_comment" ("order_id");
CREATE INDEX IF NOT EXISTS "menus_menuitem_category_id_6afa88ab" ON "menus_menuitem" ("category_id");
CREATE UNIQUE INDEX "menus_menuitem_offer_menuitem_id_offer_id_0f6e179d_uniq" ON "menus_menuitem_offer" ("menuitem_id", "offer_id");
CREATE INDEX IF NOT EXISTS "menus_menuitem_offer_menuitem_id_a4616030" ON "menus_menuitem_offer" ("menuitem_id");
CREATE INDEX IF NOT EXISTS "menus_menuitem_offer_offer_id_c2e00be8" ON "menus_menuitem_offer" ("offer_id");
CREATE INDEX IF NOT EXISTS "orders_cart_user_id_121a069e" ON "orders_cart" ("user_id");
CREATE INDEX IF NOT EXISTS "orders_cartitem_cart_id_529df5fa" ON "orders_cartitem" ("cart_id");
CREATE INDEX IF NOT EXISTS "orders_cartitem_menu_item_id_8bb3e579" ON "orders_cartitem" ("menu_item_id");
CREATE INDEX IF NOT EXISTS "orders_ordereditems_ordereditem_id_7379a9fa" ON "orders_ordereditems" ("ordereditem_id");
CREATE INDEX IF NOT EXISTS "orders_ordereditems_item_id_a3a120df" ON "orders_ordereditems" ("item_id");
CREATE INDEX IF NOT EXISTS "orders_placedorder_restraunt_id_a4baf536" ON "orders_placedorder" ("restraunt_id");
CREATE INDEX IF NOT EXISTS "orders_placedorder_customer_id_5088a8d0" ON "orders_placedorder" ("customer_id");
CREATE TABLE IF NOT EXISTS "menus_offer" ("id" integer NOT NULL PRIMARY KEY AUTOINCREMENT, "date_from" date NOT NULL, "time_from" time NOT NULL, "date_to" date NOT NULL, "time_to" time NOT NULL, "name" varchar(50) NOT NULL, "discount" decimal NOT NULL);
INSERT INTO "menus_offer" VALUES(1,'2021-08-07','06:38:00','2021-08-19','06:38:00','Mega sale',30);
INSERT INTO "menus_offer" VALUES(2,'2021-08-07','06:40:00','2021-08-10','06:40:00','Big billion',50);
CREATE INDEX IF NOT EXISTS "django_admin_log_content_type_id_c4bce8eb" ON "django_admin_log" ("content_type_id");
CREATE INDEX IF NOT EXISTS "django_admin_log_user_id_c564eba6" ON "django_admin_log" ("user_id");
CREATE UNIQUE INDEX "django_content_type_app_label_model_76bd3d3b_uniq" ON "django_content_type" ("app_label", "model");
CREATE UNIQUE INDEX "auth_group_permissions_group_id_permission_id_0cd325b0_uniq" ON "auth_group_permissions" ("group_id", "permission_id");
CREATE INDEX IF NOT EXISTS "auth_group_permissions_group_id_b120cbf9" ON "auth_group_permissions" ("group_id");
CREATE INDEX IF NOT EXISTS "auth_group_permissions_permission_id_84c5c92e" ON "auth_group_permissions" ("permission_id");
CREATE UNIQUE INDEX "auth_permission_content_type_id_codename_01ab375a_uniq" ON "auth_permission" ("content_type_id", "codename");
CREATE INDEX IF NOT EXISTS "auth_permission_content_type_id_2f476e4b" ON "auth_permission" ("content_type_id");
CREATE INDEX IF NOT EXISTS "menus_category_uri_name_7a6ba75c" ON "menus_category" ("uri_name");
CREATE UNIQUE INDEX "menus_menuitem_restruant_menuitem_id_restaurants_id_fbf0fb0b_uniq" ON "menus_menuitem_restruant" ("menuitem_id", "restaurants_id");
CREATE INDEX IF NOT EXISTS "menus_menuitem_restruant_menuitem_id_38452ccb" ON "menus_menuitem_restruant" ("menuitem_id");
CREATE INDEX IF NOT EXISTS "menus_menuitem_restruant_restaurants_id_99c27744" ON "menus_menuitem_restruant" ("restaurants_id");
CREATE INDEX IF NOT EXISTS "menus_ingredients_item_id_9d9186d9" ON "menus_ingredients" ("item_id");
CREATE INDEX IF NOT EXISTS "django_session_expire_date_a5c62663" ON "django_session" ("expire_date");
CREATE UNIQUE INDEX "orders_status_order_status_id_placedorder_id_d9107fbc_uniq" ON "orders_status_order" ("status_id", "placedorder_id");
CREATE INDEX IF NOT EXISTS "orders_status_order_status_id_4cd1b32b" ON "orders_status_order" ("status_id");
CREATE INDEX IF NOT EXISTS "orders_status_order_placedorder_id_95ab72d7" ON "orders_status_order" ("placedorder_id");
CREATE INDEX IF NOT EXISTS "customers_customers_city_id_34000c30" ON "customers_customers" ("city_id");
CREATE INDEX IF NOT EXISTS "restaurants_restaurants_city_id_36e11db0" ON "restaurants_restaurants" ("city_id");
CREATE INDEX IF NOT EXISTS "orders_comment_customer_id_4309df1c" ON "orders_comment" ("customer_id");
CREATE INDEX IF NOT EXISTS "orders_comment_order_id_6f03ba56" ON "orders_comment" ("order_id");
CREATE INDEX IF NOT EXISTS "menus_menuitem_category_id_6afa88ab" ON "menus_menuitem" ("category_id");
CREATE UNIQUE INDEX "menus_menuitem_offer_menuitem_id_offer_id_0f6e179d_uniq" ON "menus_menuitem_offer" ("menuitem_id", "offer_id");
CREATE INDEX IF NOT EXISTS "menus_menuitem_offer_menuitem_id_a4616030" ON "menus_menuitem_offer" ("menuitem_id");
CREATE INDEX IF NOT EXISTS "menus_menuitem_offer_offer_id_c2e00be8" ON "menus_menuitem_offer" ("offer_id");
CREATE INDEX IF NOT EXISTS "orders_cart_user_id_121a069e" ON "orders_cart" ("user_id");
CREATE INDEX IF NOT EXISTS "orders_cartitem_cart_id_529df5fa" ON "orders_cartitem" ("cart_id");
CREATE INDEX IF NOT EXISTS "orders_cartitem_menu_item_id_8bb3e579" ON "orders_cartitem" ("menu_item_id");
CREATE INDEX IF NOT EXISTS "orders_ordereditems_ordereditem_id_7379a9fa" ON "orders_ordereditems" ("ordereditem_id");
CREATE INDEX IF NOT EXISTS "orders_ordereditems_item_id_a3a120df" ON "orders_ordereditems" ("item_id");
CREATE INDEX IF NOT EXISTS "orders_placedorder_restraunt_id_a4baf536" ON "orders_placedorder" ("restraunt_id");
CREATE INDEX IF NOT EXISTS "orders_placedorder_customer_id_5088a8d0" ON "orders_placedorder" ("customer_id");
CREATE TABLE IF NOT EXISTS "orders_cart" ("id" integer NOT NULL PRIMARY KEY AUTOINCREMENT, "count" integer unsigned NOT NULL CHECK ("count" >= 0), "total" decimal NOT NULL, "updated" datetime NOT NULL, "timestamp" datetime NOT NULL, "user_id" bigint NULL REFERENCES "customers_customers" ("id") DEFERRABLE INITIALLY DEFERRED);
INSERT INTO "orders_cart" VALUES(20,8,1884,'2021-08-10 03:59:52.827036','2021-08-02 12:56:18.300857',2);
INSERT INTO "orders_cart" VALUES(23,18,3374,'2021-08-18 09:33:40.392418','2021-08-14 10:20:00.851030',1);
CREATE INDEX IF NOT EXISTS "django_admin_log_content_type_id_c4bce8eb" ON "django_admin_log" ("content_type_id");
CREATE INDEX IF NOT EXISTS "django_admin_log_user_id_c564eba6" ON "django_admin_log" ("user_id");
CREATE UNIQUE INDEX "django_content_type_app_label_model_76bd3d3b_uniq" ON "django_content_type" ("app_label", "model");
CREATE UNIQUE INDEX "auth_group_permissions_group_id_permission_id_0cd325b0_uniq" ON "auth_group_permissions" ("group_id", "permission_id");
CREATE INDEX IF NOT EXISTS "auth_group_permissions_group_id_b120cbf9" ON "auth_group_permissions" ("group_id");
CREATE INDEX IF NOT EXISTS "auth_group_permissions_permission_id_84c5c92e" ON "auth_group_permissions" ("permission_id");
CREATE UNIQUE INDEX "auth_permission_content_type_id_codename_01ab375a_uniq" ON "auth_permission" ("content_type_id", "codename");
CREATE INDEX IF NOT EXISTS "auth_permission_content_type_id_2f476e4b" ON "auth_permission" ("content_type_id");
CREATE INDEX IF NOT EXISTS "menus_category_uri_name_7a6ba75c" ON "menus_category" ("uri_name");
CREATE UNIQUE INDEX "menus_menuitem_restruant_menuitem_id_restaurants_id_fbf0fb0b_uniq" ON "menus_menuitem_restruant" ("menuitem_id", "restaurants_id");
CREATE INDEX IF NOT EXISTS "menus_menuitem_restruant_menuitem_id_38452ccb" ON "menus_menuitem_restruant" ("menuitem_id");
CREATE INDEX IF NOT EXISTS "menus_menuitem_restruant_restaurants_id_99c27744" ON "menus_menuitem_restruant" ("restaurants_id");
CREATE INDEX IF NOT EXISTS "menus_ingredients_item_id_9d9186d9" ON "menus_ingredients" ("item_id");
CREATE INDEX IF NOT EXISTS "django_session_expire_date_a5c62663" ON "django_session" ("expire_date");
CREATE UNIQUE INDEX "orders_status_order_status_id_placedorder_id_d9107fbc_uniq" ON "orders_status_order" ("status_id", "placedorder_id");
CREATE INDEX IF NOT EXISTS "orders_status_order_status_id_4cd1b32b" ON "orders_status_order" ("status_id");
CREATE INDEX IF NOT EXISTS "orders_status_order_placedorder_id_95ab72d7" ON "orders_status_order" ("placedorder_id");
CREATE INDEX IF NOT EXISTS "customers_customers_city_id_34000c30" ON "customers_customers" ("city_id");
CREATE INDEX IF NOT EXISTS "restaurants_restaurants_city_id_36e11db0" ON "restaurants_restaurants" ("city_id");
CREATE INDEX IF NOT EXISTS "orders_comment_customer_id_4309df1c" ON "orders_comment" ("customer_id");
CREATE INDEX IF NOT EXISTS "orders_comment_order_id_6f03ba56" ON "orders_comment" ("order_id");
CREATE INDEX IF NOT EXISTS "menus_menuitem_category_id_6afa88ab" ON "menus_menuitem" ("category_id");
CREATE UNIQUE INDEX "menus_menuitem_offer_menuitem_id_offer_id_0f6e179d_uniq" ON "menus_menuitem_offer" ("menuitem_id", "offer_id");
CREATE INDEX IF NOT EXISTS "menus_menuitem_offer_menuitem_id_a4616030" ON "menus_menuitem_offer" ("menuitem_id");
CREATE INDEX IF NOT EXISTS "menus_menuitem_offer_offer_id_c2e00be8" ON "menus_menuitem_offer" ("offer_id");
CREATE INDEX IF NOT EXISTS "orders_cart_user_id_121a069e" ON "orders_cart" ("user_id");
CREATE INDEX IF NOT EXISTS "orders_cartitem_cart_id_529df5fa" ON "orders_cartitem" ("cart_id");
CREATE INDEX IF NOT EXISTS "orders_cartitem_menu_item_id_8bb3e579" ON "orders_cartitem" ("menu_item_id");
CREATE INDEX IF NOT EXISTS "orders_ordereditems_ordereditem_id_7379a9fa" ON "orders_ordereditems" ("ordereditem_id");
CREATE INDEX IF NOT EXISTS "orders_ordereditems_item_id_a3a120df" ON "orders_ordereditems" ("item_id");
CREATE INDEX IF NOT EXISTS "orders_placedorder_restraunt_id_a4baf536" ON "orders_placedorder" ("restraunt_id");
CREATE INDEX IF NOT EXISTS "orders_placedorder_customer_id_5088a8d0" ON "orders_placedorder" ("customer_id");
CREATE TABLE IF NOT EXISTS "orders_cartitem" ("id" integer NOT NULL PRIMARY KEY AUTOINCREMENT, "quantity" integer unsigned NULL CHECK ("quantity" >= 0), "cart_id" bigint NULL REFERENCES "orders_cart" ("id") DEFERRABLE INITIALLY DEFERRED, "menu_item_id" bigint NULL REFERENCES "menus_menuitem" ("id") DEFERRABLE INITIALLY DEFERRED, "total_price" decimal NOT NULL, "size" varchar(25) NOT NULL);
INSERT INTO "orders_cartitem" VALUES(30,3,20,4,900,'large');
INSERT INTO "orders_cartitem" VALUES(31,4,20,6,248,'large');
INSERT INTO "orders_cartitem" VALUES(38,1,20,7,250,'');
INSERT INTO "orders_cartitem" VALUES(43,1,20,5,300,'');
INSERT INTO "orders_cartitem" VALUES(50,7,23,7,1750,'');
INSERT INTO "orders_cartitem" VALUES(51,6,23,6,372,'');
INSERT INTO "orders_cartitem" VALUES(52,2,23,5,600,'');
INSERT INTO "orders_cartitem" VALUES(53,3,23,1,900,'');
CREATE INDEX IF NOT EXISTS "django_admin_log_content_type_id_c4bce8eb" ON "django_admin_log" ("content_type_id");
CREATE INDEX IF NOT EXISTS "django_admin_log_user_id_c564eba6" ON "django_admin_log" ("user_id");
CREATE UNIQUE INDEX "django_content_type_app_label_model_76bd3d3b_uniq" ON "django_content_type" ("app_label", "model");
CREATE UNIQUE INDEX "auth_group_permissions_group_id_permission_id_0cd325b0_uniq" ON "auth_group_permissions" ("group_id", "permission_id");
CREATE INDEX IF NOT EXISTS "auth_group_permissions_group_id_b120cbf9" ON "auth_group_permissions" ("group_id");
CREATE INDEX IF NOT EXISTS "auth_group_permissions_permission_id_84c5c92e" ON "auth_group_permissions" ("permission_id");
CREATE UNIQUE INDEX "auth_permission_content_type_id_codename_01ab375a_uniq" ON "auth_permission" ("content_type_id", "codename");
CREATE INDEX IF NOT EXISTS "auth_permission_content_type_id_2f476e4b" ON "auth_permission" ("content_type_id");
CREATE INDEX IF NOT EXISTS "menus_category_uri_name_7a6ba75c" ON "menus_category" ("uri_name");
CREATE UNIQUE INDEX "menus_menuitem_restruant_menuitem_id_restaurants_id_fbf0fb0b_uniq" ON "menus_menuitem_restruant" ("menuitem_id", "restaurants_id");
CREATE INDEX IF NOT EXISTS "menus_menuitem_restruant_menuitem_id_38452ccb" ON "menus_menuitem_restruant" ("menuitem_id");
CREATE INDEX IF NOT EXISTS "menus_menuitem_restruant_restaurants_id_99c27744" ON "menus_menuitem_restruant" ("restaurants_id");
CREATE INDEX IF NOT EXISTS "menus_ingredients_item_id_9d9186d9" ON "menus_ingredients" ("item_id");
CREATE INDEX IF NOT EXISTS "django_session_expire_date_a5c62663" ON "django_session" ("expire_date");
CREATE UNIQUE INDEX "orders_status_order_status_id_placedorder_id_d9107fbc_uniq" ON "orders_status_order" ("status_id", "placedorder_id");
CREATE INDEX IF NOT EXISTS "orders_status_order_status_id_4cd1b32b" ON "orders_status_order" ("status_id");
CREATE INDEX IF NOT EXISTS "orders_status_order_placedorder_id_95ab72d7" ON "orders_status_order" ("placedorder_id");
CREATE INDEX IF NOT EXISTS "customers_customers_city_id_34000c30" ON "customers_customers" ("city_id");
CREATE INDEX IF NOT EXISTS "restaurants_restaurants_city_id_36e11db0" ON "restaurants_restaurants" ("city_id");
CREATE INDEX IF NOT EXISTS "orders_comment_customer_id_4309df1c" ON "orders_comment" ("customer_id");
CREATE INDEX IF NOT EXISTS "orders_comment_order_id_6f03ba56" ON "orders_comment" ("order_id");
CREATE INDEX IF NOT EXISTS "menus_menuitem_category_id_6afa88ab" ON "menus_menuitem" ("category_id");
CREATE UNIQUE INDEX "menus_menuitem_offer_menuitem_id_offer_id_0f6e179d_uniq" ON "menus_menuitem_offer" ("menuitem_id", "offer_id");
CREATE INDEX IF NOT EXISTS "menus_menuitem_offer_menuitem_id_a4616030" ON "menus_menuitem_offer" ("menuitem_id");
CREATE INDEX IF NOT EXISTS "menus_menuitem_offer_offer_id_c2e00be8" ON "menus_menuitem_offer" ("offer_id");
CREATE INDEX IF NOT EXISTS "orders_cart_user_id_121a069e" ON "orders_cart" ("user_id");
CREATE INDEX IF NOT EXISTS "orders_cartitem_cart_id_529df5fa" ON "orders_cartitem" ("cart_id");
CREATE INDEX IF NOT EXISTS "orders_cartitem_menu_item_id_8bb3e579" ON "orders_cartitem" ("menu_item_id");
CREATE INDEX IF NOT EXISTS "orders_ordereditems_ordereditem_id_7379a9fa" ON "orders_ordereditems" ("ordereditem_id");
CREATE INDEX IF NOT EXISTS "orders_ordereditems_item_id_a3a120df" ON "orders_ordereditems" ("item_id");
CREATE INDEX IF NOT EXISTS "orders_placedorder_restraunt_id_a4baf536" ON "orders_placedorder" ("restraunt_id");
CREATE INDEX IF NOT EXISTS "orders_placedorder_customer_id_5088a8d0" ON "orders_placedorder" ("customer_id");
CREATE TABLE IF NOT EXISTS "orders_comment" ("id" integer NOT NULL PRIMARY KEY AUTOINCREMENT, "text" text NOT NULL, "created" datetime NOT NULL, "is_req" bool NOT NULL, "is_complaint" bool NOT NULL, "customer_id" bigint NOT NULL REFERENCES "customers_customers" ("id") DEFERRABLE INITIALLY DEFERRED, "order_id" bigint NOT NULL REFERENCES "orders_placedorder" ("id") DEFERRABLE INITIALLY DEFERRED);
CREATE INDEX IF NOT EXISTS "django_admin_log_content_type_id_c4bce8eb" ON "django_admin_log" ("content_type_id");
CREATE INDEX IF NOT EXISTS "django_admin_log_user_id_c564eba6" ON "django_admin_log" ("user_id");
CREATE UNIQUE INDEX "django_content_type_app_label_model_76bd3d3b_uniq" ON "django_content_type" ("app_label", "model");
CREATE UNIQUE INDEX "auth_group_permissions_group_id_permission_id_0cd325b0_uniq" ON "auth_group_permissions" ("group_id", "permission_id");
CREATE INDEX IF NOT EXISTS "auth_group_permissions_group_id_b120cbf9" ON "auth_group_permissions" ("group_id");
CREATE INDEX IF NOT EXISTS "auth_group_permissions_permission_id_84c5c92e" ON "auth_group_permissions" ("permission_id");
CREATE UNIQUE INDEX "auth_permission_content_type_id_codename_01ab375a_uniq" ON "auth_permission" ("content_type_id", "codename");
CREATE INDEX IF NOT EXISTS "auth_permission_content_type_id_2f476e4b" ON "auth_permission" ("content_type_id");
CREATE INDEX IF NOT EXISTS "menus_category_uri_name_7a6ba75c" ON "menus_category" ("uri_name");
CREATE UNIQUE INDEX "menus_menuitem_restruant_menuitem_id_restaurants_id_fbf0fb0b_uniq" ON "menus_menuitem_restruant" ("menuitem_id", "restaurants_id");
CREATE INDEX IF NOT EXISTS "menus_menuitem_restruant_menuitem_id_38452ccb" ON "menus_menuitem_restruant" ("menuitem_id");
CREATE INDEX IF NOT EXISTS "menus_menuitem_restruant_restaurants_id_99c27744" ON "menus_menuitem_restruant" ("restaurants_id");
CREATE INDEX IF NOT EXISTS "menus_ingredients_item_id_9d9186d9" ON "menus_ingredients" ("item_id");
CREATE INDEX IF NOT EXISTS "django_session_expire_date_a5c62663" ON "django_session" ("expire_date");
CREATE UNIQUE INDEX "orders_status_order_status_id_placedorder_id_d9107fbc_uniq" ON "orders_status_order" ("status_id", "placedorder_id");
CREATE INDEX IF NOT EXISTS "orders_status_order_status_id_4cd1b32b" ON "orders_status_order" ("status_id");
CREATE INDEX IF NOT EXISTS "orders_status_order_placedorder_id_95ab72d7" ON "orders_status_order" ("placedorder_id");
CREATE INDEX IF NOT EXISTS "customers_customers_city_id_34000c30" ON "customers_customers" ("city_id");
CREATE INDEX IF NOT EXISTS "restaurants_restaurants_city_id_36e11db0" ON "restaurants_restaurants" ("city_id");
CREATE INDEX IF NOT EXISTS "orders_comment_customer_id_4309df1c" ON "orders_comment" ("customer_id");
CREATE INDEX IF NOT EXISTS "orders_comment_order_id_6f03ba56" ON "orders_comment" ("order_id");
CREATE INDEX IF NOT EXISTS "menus_menuitem_category_id_6afa88ab" ON "menus_menuitem" ("category_id");
CREATE UNIQUE INDEX "menus_menuitem_offer_menuitem_id_offer_id_0f6e179d_uniq" ON "menus_menuitem_offer" ("menuitem_id", "offer_id");
CREATE INDEX IF NOT EXISTS "menus_menuitem_offer_menuitem_id_a4616030" ON "menus_menuitem_offer" ("menuitem_id");
CREATE INDEX IF NOT EXISTS "menus_menuitem_offer_offer_id_c2e00be8" ON "menus_menuitem_offer" ("offer_id");
CREATE INDEX IF NOT EXISTS "orders_cart_user_id_121a069e" ON "orders_cart" ("user_id");
CREATE INDEX IF NOT EXISTS "orders_cartitem_cart_id_529df5fa" ON "orders_cartitem" ("cart_id");
CREATE INDEX IF NOT EXISTS "orders_cartitem_menu_item_id_8bb3e579" ON "orders_cartitem" ("menu_item_id");
CREATE INDEX IF NOT EXISTS "orders_ordereditems_ordereditem_id_7379a9fa" ON "orders_ordereditems" ("ordereditem_id");
CREATE INDEX IF NOT EXISTS "orders_ordereditems_item_id_a3a120df" ON "orders_ordereditems" ("item_id");
CREATE INDEX IF NOT EXISTS "orders_placedorder_restraunt_id_a4baf536" ON "orders_placedorder" ("restraunt_id");
CREATE INDEX IF NOT EXISTS "orders_placedorder_customer_id_5088a8d0" ON "orders_placedorder" ("customer_id");
CREATE TABLE IF NOT EXISTS "orders_ordereditems" ("id" integer NOT NULL PRIMARY KEY AUTOINCREMENT, "ordereditem_id" bigint NULL REFERENCES "orders_placedorder" ("id") DEFERRABLE INITIALLY DEFERRED, "quantity" integer unsigned NULL CHECK ("quantity" >= 0), "size" varchar(25) NOT NULL, "total_price" decimal NOT NULL, "item_id" bigint NULL REFERENCES "menus_menuitem" ("id") DEFERRABLE INITIALLY DEFERRED);
CREATE INDEX IF NOT EXISTS "django_admin_log_content_type_id_c4bce8eb" ON "django_admin_log" ("content_type_id");
CREATE INDEX IF NOT EXISTS "django_admin_log_user_id_c564eba6" ON "django_admin_log" ("user_id");
CREATE UNIQUE INDEX "django_content_type_app_label_model_76bd3d3b_uniq" ON "django_content_type" ("app_label", "model");
CREATE UNIQUE INDEX "auth_group_permissions_group_id_permission_id_0cd325b0_uniq" ON "auth_group_permissions" ("group_id", "permission_id");
CREATE INDEX IF NOT EXISTS "auth_group_permissions_group_id_b120cbf9" ON "auth_group_permissions" ("group_id");
CREATE INDEX IF NOT EXISTS "auth_group_permissions_permission_id_84c5c92e" ON "auth_group_permissions" ("permission_id");
CREATE UNIQUE INDEX "auth_permission_content_type_id_codename_01ab375a_uniq" ON "auth_permission" ("content_type_id", "codename");
CREATE INDEX IF NOT EXISTS "auth_permission_content_type_id_2f476e4b" ON "auth_permission" ("content_type_id");
CREATE INDEX IF NOT EXISTS "menus_category_uri_name_7a6ba75c" ON "menus_category" ("uri_name");
CREATE UNIQUE INDEX "menus_menuitem_restruant_menuitem_id_restaurants_id_fbf0fb0b_uniq" ON "menus_menuitem_restruant" ("menuitem_id", "restaurants_id");
CREATE INDEX IF NOT EXISTS "menus_menuitem_restruant_menuitem_id_38452ccb" ON "menus_menuitem_restruant" ("menuitem_id");
CREATE INDEX IF NOT EXISTS "menus_menuitem_restruant_restaurants_id_99c27744" ON "menus_menuitem_restruant" ("restaurants_id");
CREATE INDEX IF NOT EXISTS "menus_ingredients_item_id_9d9186d9" ON "menus_ingredients" ("item_id");
CREATE INDEX IF NOT EXISTS "django_session_expire_date_a5c62663" ON "django_session" ("expire_date");
CREATE UNIQUE INDEX "orders_status_order_status_id_placedorder_id_d9107fbc_uniq" ON "orders_status_order" ("status_id", "placedorder_id");
CREATE INDEX IF NOT EXISTS "orders_status_order_status_id_4cd1b32b" ON "orders_status_order" ("status_id");
CREATE INDEX IF NOT EXISTS "orders_status_order_placedorder_id_95ab72d7" ON "orders_status_order" ("placedorder_id");
CREATE INDEX IF NOT EXISTS "customers_customers_city_id_34000c30" ON "customers_customers" ("city_id");
CREATE INDEX IF NOT EXISTS "restaurants_restaurants_city_id_36e11db0" ON "restaurants_restaurants" ("city_id");
CREATE INDEX IF NOT EXISTS "orders_comment_customer_id_4309df1c" ON "orders_comment" ("customer_id");
CREATE INDEX IF NOT EXISTS "orders_comment_order_id_6f03ba56" ON "orders_comment" ("order_id");
CREATE INDEX IF NOT EXISTS "menus_menuitem_category_id_6afa88ab" ON "menus_menuitem" ("category_id");
CREATE UNIQUE INDEX "menus_menuitem_offer_menuitem_id_offer_id_0f6e179d_uniq" ON "menus_menuitem_offer" ("menuitem_id", "offer_id");
CREATE INDEX IF NOT EXISTS "menus_menuitem_offer_menuitem_id_a4616030" ON "menus_menuitem_offer" ("menuitem_id");
CREATE INDEX IF NOT EXISTS "menus_menuitem_offer_offer_id_c2e00be8" ON "menus_menuitem_offer" ("offer_id");
CREATE INDEX IF NOT EXISTS "orders_cart_user_id_121a069e" ON "orders_cart" ("user_id");
CREATE INDEX IF NOT EXISTS "orders_cartitem_cart_id_529df5fa" ON "orders_cartitem" ("cart_id");
CREATE INDEX IF NOT EXISTS "orders_cartitem_menu_item_id_8bb3e579" ON "orders_cartitem" ("menu_item_id");
CREATE INDEX IF NOT EXISTS "orders_ordereditems_ordereditem_id_7379a9fa" ON "orders_ordereditems" ("ordereditem_id");
CREATE INDEX IF NOT EXISTS "orders_ordereditems_item_id_a3a120df" ON "orders_ordereditems" ("item_id");
CREATE INDEX IF NOT EXISTS "orders_placedorder_restraunt_id_a4baf536" ON "orders_placedorder" ("restraunt_id");
CREATE INDEX IF NOT EXISTS "orders_placedorder_customer_id_5088a8d0" ON "orders_placedorder" ("customer_id");
CREATE TABLE IF NOT EXISTS "orders_placedorder" ("id" integer NOT NULL PRIMARY KEY AUTOINCREMENT, "order_id" varchar(255) NOT NULL, "estimated_delivery_time" time NOT NULL, "actual_delivery_time" time NOT NULL, "total_price" decimal NOT NULL, "restraunt_id" bigint NOT NULL REFERENCES "restaurants_restaurants" ("id") DEFERRABLE INITIALLY DEFERRED, "customer_id" bigint NOT NULL REFERENCES "customers_customers" ("id") DEFERRABLE INITIALLY DEFERRED, "is_delivered" bool NOT NULL, "is_confirmed" bool NULL, "building" varchar(25) NOT NULL, "city" varchar(25) NOT NULL, "zip_code" varchar(25) NOT NULL, "order_time" datetime NOT NULL);
CREATE INDEX IF NOT EXISTS "django_admin_log_content_type_id_c4bce8eb" ON "django_admin_log" ("content_type_id");
CREATE INDEX IF NOT EXISTS "django_admin_log_user_id_c564eba6" ON "django_admin_log" ("user_id");
CREATE UNIQUE INDEX "django_content_type_app_label_model_76bd3d3b_uniq" ON "django_content_type" ("app_label", "model");
CREATE UNIQUE INDEX "auth_group_permissions_group_id_permission_id_0cd325b0_uniq" ON "auth_group_permissions" ("group_id", "permission_id");
CREATE INDEX IF NOT EXISTS "auth_group_permissions_group_id_b120cbf9" ON "auth_group_permissions" ("group_id");
CREATE INDEX IF NOT EXISTS "auth_group_permissions_permission_id_84c5c92e" ON "auth_group_permissions" ("permission_id");
CREATE UNIQUE INDEX "auth_permission_content_type_id_codename_01ab375a_uniq" ON "auth_permission" ("content_type_id", "codename");
CREATE INDEX IF NOT EXISTS "auth_permission_content_type_id_2f476e4b" ON "auth_permission" ("content_type_id");
CREATE INDEX IF NOT EXISTS "menus_category_uri_name_7a6ba75c" ON "menus_category" ("uri_name");
CREATE UNIQUE INDEX "menus_menuitem_restruant_menuitem_id_restaurants_id_fbf0fb0b_uniq" ON "menus_menuitem_restruant" ("menuitem_id", "restaurants_id");
CREATE INDEX IF NOT EXISTS "menus_menuitem_restruant_menuitem_id_38452ccb" ON "menus_menuitem_restruant" ("menuitem_id");
CREATE INDEX IF NOT EXISTS "menus_menuitem_restruant_restaurants_id_99c27744" ON "menus_menuitem_restruant" ("restaurants_id");
CREATE INDEX IF NOT EXISTS "menus_ingredients_item_id_9d9186d9" ON "menus_ingredients" ("item_id");
CREATE INDEX IF NOT EXISTS "django_session_expire_date_a5c62663" ON "django_session" ("expire_date");
CREATE UNIQUE INDEX "orders_status_order_status_id_placedorder_id_d9107fbc_uniq" ON "orders_status_order" ("status_id", "placedorder_id");
CREATE INDEX IF NOT EXISTS "orders_status_order_status_id_4cd1b32b" ON "orders_status_order" ("status_id");
CREATE INDEX IF NOT EXISTS "orders_status_order_placedorder_id_95ab72d7" ON "orders_status_order" ("placedorder_id");
CREATE INDEX IF NOT EXISTS "customers_customers_city_id_34000c30" ON "customers_customers" ("city_id");
CREATE INDEX IF NOT EXISTS "restaurants_restaurants_city_id_36e11db0" ON "restaurants_restaurants" ("city_id");
CREATE INDEX IF NOT EXISTS "orders_comment_customer_id_4309df1c" ON "orders_comment" ("customer_id");
CREATE INDEX IF NOT EXISTS "orders_comment_order_id_6f03ba56" ON "orders_comment" ("order_id");
CREATE INDEX IF NOT EXISTS "menus_menuitem_category_id_6afa88ab" ON "menus_menuitem" ("category_id");
CREATE UNIQUE INDEX "menus_menuitem_offer_menuitem_id_offer_id_0f6e179d_uniq" ON "menus_menuitem_offer" ("menuitem_id", "offer_id");
CREATE INDEX IF NOT EXISTS "menus_menuitem_offer_menuitem_id_a4616030" ON "menus_menuitem_offer" ("menuitem_id");
CREATE INDEX IF NOT EXISTS "menus_menuitem_offer_offer_id_c2e00be8" ON "menus_menuitem_offer" ("offer_id");
CREATE INDEX IF NOT EXISTS "orders_cart_user_id_121a069e" ON "orders_cart" ("user_id");
CREATE INDEX IF NOT EXISTS "orders_cartitem_cart_id_529df5fa" ON "orders_cartitem" ("cart_id");
CREATE INDEX IF NOT EXISTS "orders_cartitem_menu_item_id_8bb3e579" ON "orders_cartitem" ("menu_item_id");
CREATE INDEX IF NOT EXISTS "orders_ordereditems_ordereditem_id_7379a9fa" ON "orders_ordereditems" ("ordereditem_id");
CREATE INDEX IF NOT EXISTS "orders_ordereditems_item_id_a3a120df" ON "orders_ordereditems" ("item_id");
CREATE INDEX IF NOT EXISTS "orders_placedorder_restraunt_id_a4baf536" ON "orders_placedorder" ("restraunt_id");
CREATE INDEX IF NOT EXISTS "orders_placedorder_customer_id_5088a8d0" ON "orders_placedorder" ("customer_id");
CREATE TABLE IF NOT EXISTS "orders_status" ("id" integer NOT NULL PRIMARY KEY AUTOINCREMENT, "status" varchar(25) NOT NULL, "time" time NOT NULL);
CREATE INDEX IF NOT EXISTS "django_admin_log_content_type_id_c4bce8eb" ON "django_admin_log" ("content_type_id");
CREATE INDEX IF NOT EXISTS "django_admin_log_user_id_c564eba6" ON "django_admin_log" ("user_id");
CREATE UNIQUE INDEX "django_content_type_app_label_model_76bd3d3b_uniq" ON "django_content_type" ("app_label", "model");
CREATE UNIQUE INDEX "auth_group_permissions_group_id_permission_id_0cd325b0_uniq" ON "auth_group_permissions" ("group_id", "permission_id");
CREATE INDEX IF NOT EXISTS "auth_group_permissions_group_id_b120cbf9" ON "auth_group_permissions" ("group_id");
CREATE INDEX IF NOT EXISTS "auth_group_permissions_permission_id_84c5c92e" ON "auth_group_permissions" ("permission_id");
CREATE UNIQUE INDEX "auth_permission_content_type_id_codename_01ab375a_uniq" ON "auth_permission" ("content_type_id", "codename");
CREATE INDEX IF NOT EXISTS "auth_permission_content_type_id_2f476e4b" ON "auth_permission" ("content_type_id");
CREATE INDEX IF NOT EXISTS "menus_category_uri_name_7a6ba75c" ON "menus_category" ("uri_name");
CREATE UNIQUE INDEX "menus_menuitem_restruant_menuitem_id_restaurants_id_fbf0fb0b_uniq" ON "menus_menuitem_restruant" ("menuitem_id", "restaurants_id");
CREATE INDEX IF NOT EXISTS "menus_menuitem_restruant_menuitem_id_38452ccb" ON "menus_menuitem_restruant" ("menuitem_id");
CREATE INDEX IF NOT EXISTS "menus_menuitem_restruant_restaurants_id_99c27744" ON "menus_menuitem_restruant" ("restaurants_id");
CREATE INDEX IF NOT EXISTS "menus_ingredients_item_id_9d9186d9" ON "menus_ingredients" ("item_id");
CREATE INDEX IF NOT EXISTS "django_session_expire_date_a5c62663" ON "django_session" ("expire_date");
CREATE UNIQUE INDEX "orders_status_order_status_id_placedorder_id_d9107fbc_uniq" ON "orders_status_order" ("status_id", "placedorder_id");
CREATE INDEX IF NOT EXISTS "orders_status_order_status_id_4cd1b32b" ON "orders_status_order" ("status_id");
CREATE INDEX IF NOT EXISTS "orders_status_order_placedorder_id_95ab72d7" ON "orders_status_order" ("placedorder_id");
CREATE INDEX IF NOT EXISTS "customers_customers_city_id_34000c30" ON "customers_customers" ("city_id");
CREATE INDEX IF NOT EXISTS "restaurants_restaurants_city_id_36e11db0" ON "restaurants_restaurants" ("city_id");
CREATE INDEX IF NOT EXISTS "orders_comment_customer_id_4309df1c" ON "orders_comment" ("customer_id");
CREATE INDEX IF NOT EXISTS "orders_comment_order_id_6f03ba56" ON "orders_comment" ("order_id");
CREATE INDEX IF NOT EXISTS "menus_menuitem_category_id_6afa88ab" ON "menus_menuitem" ("category_id");
CREATE UNIQUE INDEX "menus_menuitem_offer_menuitem_id_offer_id_0f6e179d_uniq" ON "menus_menuitem_offer" ("menuitem_id", "offer_id");
CREATE INDEX IF NOT EXISTS "menus_menuitem_offer_menuitem_id_a4616030" ON "menus_menuitem_offer" ("menuitem_id");
CREATE INDEX IF NOT EXISTS "menus_menuitem_offer_offer_id_c2e00be8" ON "menus_menuitem_offer" ("offer_id");
CREATE INDEX IF NOT EXISTS "orders_cart_user_id_121a069e" ON "orders_cart" ("user_id");
CREATE INDEX IF NOT EXISTS "orders_cartitem_cart_id_529df5fa" ON "orders_cartitem" ("cart_id");
CREATE INDEX IF NOT EXISTS "orders_cartitem_menu_item_id_8bb3e579" ON "orders_cartitem" ("menu_item_id");
CREATE INDEX IF NOT EXISTS "orders_ordereditems_ordereditem_id_7379a9fa" ON "orders_ordereditems" ("ordereditem_id");
CREATE INDEX IF NOT EXISTS "orders_ordereditems_item_id_a3a120df" ON "orders_ordereditems" ("item_id");
CREATE INDEX IF NOT EXISTS "orders_placedorder_restraunt_id_a4baf536" ON "orders_placedorder" ("restraunt_id");
CREATE INDEX IF NOT EXISTS "orders_placedorder_customer_id_5088a8d0" ON "orders_placedorder" ("customer_id");
CREATE TABLE IF NOT EXISTS "orders_status_order" ("id" integer NOT NULL PRIMARY KEY AUTOINCREMENT, "status_id" bigint NOT NULL REFERENCES "orders_status" ("id") DEFERRABLE INITIALLY DEFERRED, "placedorder_id" bigint NOT NULL REFERENCES "orders_placedorder" ("id") DEFERRABLE INITIALLY DEFERRED);
CREATE INDEX IF NOT EXISTS "django_admin_log_content_type_id_c4bce8eb" ON "django_admin_log" ("content_type_id");
CREATE INDEX IF NOT EXISTS "django_admin_log_user_id_c564eba6" ON "django_admin_log" ("user_id");
CREATE UNIQUE INDEX "django_content_type_app_label_model_76bd3d3b_uniq" ON "django_content_type" ("app_label", "model");
CREATE UNIQUE INDEX "auth_group_permissions_group_id_permission_id_0cd325b0_uniq" ON "auth_group_permissions" ("group_id", "permission_id");
CREATE INDEX IF NOT EXISTS "auth_group_permissions_group_id_b120cbf9" ON "auth_group_permissions" ("group_id");
CREATE INDEX IF NOT EXISTS "auth_group_permissions_permission_id_84c5c92e" ON "auth_group_permissions" ("permission_id");
CREATE UNIQUE INDEX "auth_permission_content_type_id_codename_01ab375a_uniq" ON "auth_permission" ("content_type_id", "codename");
CREATE INDEX IF NOT EXISTS "auth_permission_content_type_id_2f476e4b" ON "auth_permission" ("content_type_id");
CREATE INDEX IF NOT EXISTS "menus_category_uri_name_7a6ba75c" ON "menus_category" ("uri_name");
CREATE UNIQUE INDEX "menus_menuitem_restruant_menuitem_id_restaurants_id_fbf0fb0b_uniq" ON "menus_menuitem_restruant" ("menuitem_id", "restaurants_id");
CREATE INDEX IF NOT EXISTS "menus_menuitem_restruant_menuitem_id_38452ccb" ON "menus_menuitem_restruant" ("menuitem_id");
CREATE INDEX IF NOT EXISTS "menus_menuitem_restruant_restaurants_id_99c27744" ON "menus_menuitem_restruant" ("restaurants_id");
CREATE INDEX IF NOT EXISTS "menus_ingredients_item_id_9d9186d9" ON "menus_ingredients" ("item_id");
CREATE INDEX IF NOT EXISTS "django_session_expire_date_a5c62663" ON "django_session" ("expire_date");
CREATE UNIQUE INDEX "orders_status_order_status_id_placedorder_id_d9107fbc_uniq" ON "orders_status_order" ("status_id", "placedorder_id");
CREATE INDEX IF NOT EXISTS "orders_status_order_status_id_4cd1b32b" ON "orders_status_order" ("status_id");
CREATE INDEX IF NOT EXISTS "orders_status_order_placedorder_id_95ab72d7" ON "orders_status_order" ("placedorder_id");
CREATE INDEX IF NOT EXISTS "customers_customers_city_id_34000c30" ON "customers_customers" ("city_id");
CREATE INDEX IF NOT EXISTS "restaurants_restaurants_city_id_36e11db0" ON "restaurants_restaurants" ("city_id");
CREATE INDEX IF NOT EXISTS "orders_comment_customer_id_4309df1c" ON "orders_comment" ("customer_id");
CREATE INDEX IF NOT EXISTS "orders_comment_order_id_6f03ba56" ON "orders_comment" ("order_id");
CREATE INDEX IF NOT EXISTS "menus_menuitem_category_id_6afa88ab" ON "menus_menuitem" ("category_id");
CREATE UNIQUE INDEX "menus_menuitem_offer_menuitem_id_offer_id_0f6e179d_uniq" ON "menus_menuitem_offer" ("menuitem_id", "offer_id");
CREATE INDEX IF NOT EXISTS "menus_menuitem_offer_menuitem_id_a4616030" ON "menus_menuitem_offer" ("menuitem_id");
CREATE INDEX IF NOT EXISTS "menus_menuitem_offer_offer_id_c2e00be8" ON "menus_menuitem_offer" ("offer_id");
CREATE INDEX IF NOT EXISTS "orders_cart_user_id_121a069e" ON "orders_cart" ("user_id");
CREATE INDEX IF NOT EXISTS "orders_cartitem_cart_id_529df5fa" ON "orders_cartitem" ("cart_id");
CREATE INDEX IF NOT EXISTS "orders_cartitem_menu_item_id_8bb3e579" ON "orders_cartitem" ("menu_item_id");
CREATE INDEX IF NOT EXISTS "orders_ordereditems_ordereditem_id_7379a9fa" ON "orders_ordereditems" ("ordereditem_id");
CREATE INDEX IF NOT EXISTS "orders_ordereditems_item_id_a3a120df" ON "orders_ordereditems" ("item_id");
CREATE INDEX IF NOT EXISTS "orders_placedorder_restraunt_id_a4baf536" ON "orders_placedorder" ("restraunt_id");
CREATE INDEX IF NOT EXISTS "orders_placedorder_customer_id_5088a8d0" ON "orders_placedorder" ("customer_id");
CREATE TABLE IF NOT EXISTS "restaurants_city" ("id" integer NOT NULL PRIMARY KEY AUTOINCREMENT, "city_name" varchar(30) NOT NULL, "zip_code" integer NOT NULL);
INSERT INTO "restaurants_city" VALUES(1,'Srinagar',190011);
INSERT INTO "restaurants_city" VALUES(2,'Kolkata',70017);
CREATE INDEX IF NOT EXISTS "django_admin_log_content_type_id_c4bce8eb" ON "django_admin_log" ("content_type_id");
CREATE INDEX IF NOT EXISTS "django_admin_log_user_id_c564eba6" ON "django_admin_log" ("user_id");
CREATE UNIQUE INDEX "django_content_type_app_label_model_76bd3d3b_uniq" ON "django_content_type" ("app_label", "model");
CREATE UNIQUE INDEX "auth_group_permissions_group_id_permission_id_0cd325b0_uniq" ON "auth_group_permissions" ("group_id", "permission_id");
CREATE INDEX IF NOT EXISTS "auth_group_permissions_group_id_b120cbf9" ON "auth_group_permissions" ("group_id");
CREATE INDEX IF NOT EXISTS "auth_group_permissions_permission_id_84c5c92e" ON "auth_group_permissions" ("permission_id");
CREATE UNIQUE INDEX "auth_permission_content_type_id_codename_01ab375a_uniq" ON "auth_permission" ("content_type_id", "codename");
CREATE INDEX IF NOT EXISTS "auth_permission_content_type_id_2f476e4b" ON "auth_permission" ("content_type_id");
CREATE INDEX IF NOT EXISTS "menus_category_uri_name_7a6ba75c" ON "menus_category" ("uri_name");
CREATE UNIQUE INDEX "menus_menuitem_restruant_menuitem_id_restaurants_id_fbf0fb0b_uniq" ON "menus_menuitem_restruant" ("menuitem_id", "restaurants_id");
CREATE INDEX IF NOT EXISTS "menus_menuitem_restruant_menuitem_id_38452ccb" ON "menus_menuitem_restruant" ("menuitem_id");
CREATE INDEX IF NOT EXISTS "menus_menuitem_restruant_restaurants_id_99c27744" ON "menus_menuitem_restruant" ("restaurants_id");
CREATE INDEX IF NOT EXISTS "menus_ingredients_item_id_9d9186d9" ON "menus_ingredients" ("item_id");
CREATE INDEX IF NOT EXISTS "django_session_expire_date_a5c62663" ON "django_session" ("expire_date");
CREATE UNIQUE INDEX "orders_status_order_status_id_placedorder_id_d9107fbc_uniq" ON "orders_status_order" ("status_id", "placedorder_id");
CREATE INDEX IF NOT EXISTS "orders_status_order_status_id_4cd1b32b" ON "orders_status_order" ("status_id");
CREATE INDEX IF NOT EXISTS "orders_status_order_placedorder_id_95ab72d7" ON "orders_status_order" ("placedorder_id");
CREATE INDEX IF NOT EXISTS "customers_customers_city_id_34000c30" ON "customers_customers" ("city_id");
CREATE INDEX IF NOT EXISTS "restaurants_restaurants_city_id_36e11db0" ON "restaurants_restaurants" ("city_id");
CREATE INDEX IF NOT EXISTS "orders_comment_customer_id_4309df1c" ON "orders_comment" ("customer_id");
CREATE INDEX IF NOT EXISTS "orders_comment_order_id_6f03ba56" ON "orders_comment" ("order_id");
CREATE INDEX IF NOT EXISTS "menus_menuitem_category_id_6afa88ab" ON "menus_menuitem" ("category_id");
CREATE UNIQUE INDEX "menus_menuitem_offer_menuitem_id_offer_id_0f6e179d_uniq" ON "menus_menuitem_offer" ("menuitem_id", "offer_id");
CREATE INDEX IF NOT EXISTS "menus_menuitem_offer_menuitem_id_a4616030" ON "menus_menuitem_offer" ("menuitem_id");
CREATE INDEX IF NOT EXISTS "menus_menuitem_offer_offer_id_c2e00be8" ON "menus_menuitem_offer" ("offer_id");
CREATE INDEX IF NOT EXISTS "orders_cart_user_id_121a069e" ON "orders_cart" ("user_id");
CREATE INDEX IF NOT EXISTS "orders_cartitem_cart_id_529df5fa" ON "orders_cartitem" ("cart_id");
CREATE INDEX IF NOT EXISTS "orders_cartitem_menu_item_id_8bb3e579" ON "orders_cartitem" ("menu_item_id");
CREATE INDEX IF NOT EXISTS "orders_ordereditems_ordereditem_id_7379a9fa" ON "orders_ordereditems" ("ordereditem_id");
CREATE INDEX IF NOT EXISTS "orders_ordereditems_item_id_a3a120df" ON "orders_ordereditems" ("item_id");
CREATE INDEX IF NOT EXISTS "orders_placedorder_restraunt_id_a4baf536" ON "orders_placedorder" ("restraunt_id");
CREATE INDEX IF NOT EXISTS "orders_placedorder_customer_id_5088a8d0" ON "orders_placedorder" ("customer_id");
CREATE TABLE IF NOT EXISTS "restaurants_restaurants" ("id" integer NOT NULL PRIMARY KEY AUTOINCREMENT, "name" varchar(50) NOT NULL, "address" varchar(50) NOT NULL, "city_id" bigint NOT NULL REFERENCES "restaurants_city" ("id") DEFERRABLE INITIALLY DEFERRED, "mob_no" integer NOT NULL, "opening_time" time NOT NULL, "closing_time" time NOT NULL, "website" varchar(200) NOT NULL, "cover" varchar(100) NOT NULL);
INSERT INTO "restaurants_restaurants" VALUES(1,'Hat Trick Pizza Hut','Silk Factory Road, Rajbagh, Srinagar',1,911942451422,'11:23:00','11:23:00','','restraunts/cover/image_5.jpg');
INSERT INTO "restaurants_restaurants" VALUES(2,'Chai Break- Kankurgachi','Choose Chai Break- Kankurgachi Outlet',2,852252525,'12:22:00','12:22:00','','restraunts/cover/image_1.jpg');
CREATE INDEX IF NOT EXISTS "django_admin_log_content_type_id_c4bce8eb" ON "django_admin_log" ("content_type_id");
CREATE INDEX IF NOT EXISTS "django_admin_log_user_id_c564eba6" ON "django_admin_log" ("user_id");
CREATE UNIQUE INDEX "django_content_type_app_label_model_76bd3d3b_uniq" ON "django_content_type" ("app_label", "model");
CREATE UNIQUE INDEX "auth_group_permissions_group_id_permission_id_0cd325b0_uniq" ON "auth_group_permissions" ("group_id", "permission_id");
CREATE INDEX IF NOT EXISTS "auth_group_permissions_group_id_b120cbf9" ON "auth_group_permissions" ("group_id");
CREATE INDEX IF NOT EXISTS "auth_group_permissions_permission_id_84c5c92e" ON "auth_group_permissions" ("permission_id");
CREATE UNIQUE INDEX "auth_permission_content_type_id_codename_01ab375a_uniq" ON "auth_permission" ("content_type_id", "codename");
CREATE INDEX IF NOT EXISTS "auth_permission_content_type_id_2f476e4b" ON "auth_permission" ("content_type_id");
CREATE INDEX IF NOT EXISTS "menus_category_uri_name_7a6ba75c" ON "menus_category" ("uri_name");
CREATE UNIQUE INDEX "menus_menuitem_restruant_menuitem_id_restaurants_id_fbf0fb0b_uniq" ON "menus_menuitem_restruant" ("menuitem_id", "restaurants_id");
CREATE INDEX IF NOT EXISTS "menus_menuitem_restruant_menuitem_id_38452ccb" ON "menus_menuitem_restruant" ("menuitem_id");
CREATE INDEX IF NOT EXISTS "menus_menuitem_restruant_restaurants_id_99c27744" ON "menus_menuitem_restruant" ("restaurants_id");
CREATE INDEX IF NOT EXISTS "menus_ingredients_item_id_9d9186d9" ON "menus_ingredients" ("item_id");
CREATE INDEX IF NOT EXISTS "django_session_expire_date_a5c62663" ON "django_session" ("expire_date");
CREATE UNIQUE INDEX "orders_status_order_status_id_placedorder_id_d9107fbc_uniq" ON "orders_status_order" ("status_id", "placedorder_id");
CREATE INDEX IF NOT EXISTS "orders_status_order_status_id_4cd1b32b" ON "orders_status_order" ("status_id");
CREATE INDEX IF NOT EXISTS "orders_status_order_placedorder_id_95ab72d7" ON "orders_status_order" ("placedorder_id");
CREATE INDEX IF NOT EXISTS "customers_customers_city_id_34000c30" ON "customers_customers" ("city_id");
CREATE INDEX IF NOT EXISTS "restaurants_restaurants_city_id_36e11db0" ON "restaurants_restaurants" ("city_id");
CREATE INDEX IF NOT EXISTS "orders_comment_customer_id_4309df1c" ON "orders_comment" ("customer_id");
CREATE INDEX IF NOT EXISTS "orders_comment_order_id_6f03ba56" ON "orders_comment" ("order_id");
CREATE INDEX IF NOT EXISTS "menus_menuitem_category_id_6afa88ab" ON "menus_menuitem" ("category_id");
CREATE UNIQUE INDEX "menus_menuitem_offer_menuitem_id_offer_id_0f6e179d_uniq" ON "menus_menuitem_offer" ("menuitem_id", "offer_id");
CREATE INDEX IF NOT EXISTS "menus_menuitem_offer_menuitem_id_a4616030" ON "menus_menuitem_offer" ("menuitem_id");
CREATE INDEX IF NOT EXISTS "menus_menuitem_offer_offer_id_c2e00be8" ON "menus_menuitem_offer" ("offer_id");
CREATE INDEX IF NOT EXISTS "orders_cart_user_id_121a069e" ON "orders_cart" ("user_id");
CREATE INDEX IF NOT EXISTS "orders_cartitem_cart_id_529df5fa" ON "orders_cartitem" ("cart_id");
CREATE INDEX IF NOT EXISTS "orders_cartitem_menu_item_id_8bb3e579" ON "orders_cartitem" ("menu_item_id");
CREATE INDEX IF NOT EXISTS "orders_ordereditems_ordereditem_id_7379a9fa" ON "orders_ordereditems" ("ordereditem_id");
CREATE INDEX IF NOT EXISTS "orders_ordereditems_item_id_a3a120df" ON "orders_ordereditems" ("item_id");
CREATE INDEX IF NOT EXISTS "orders_placedorder_restraunt_id_a4baf536" ON "orders_placedorder" ("restraunt_id");
CREATE INDEX IF NOT EXISTS "orders_placedorder_customer_id_5088a8d0" ON "orders_placedorder" ("customer_id");
